drug_id,hsa_id
D06000,hsa1128
D03102,hsa3269
D03102,hsa11255
D08517,hsa1909
D07810,hsa4988
D09752,hsa1128
D09752,hsa1129
D09752,hsa1131
D09752,hsa1132
D09752,hsa1133
D02836,hsa3356
D03953,hsa1909
D01603,hsa150
D01603,hsa151
D01603,hsa152
D01603,hsa153
D01603,hsa154
D01603,hsa155
D01603,hsa146
D01603,hsa147
D01603,hsa148
D08457,hsa1813
D06140,hsa1241
D06140,hsa56413
D02362,hsa1131
D02362,hsa1128
D02362,hsa1129
D02362,hsa3356
D02362,hsa1132
D02362,hsa1133
D02362,hsa154
D02362,hsa3355
D02362,hsa3352
D02362,hsa3354
D02362,hsa1813
D02362,hsa1812
D02362,hsa1816
D02362,hsa146
D02362,hsa148
D02362,hsa147
D02362,hsa151
D02362,hsa152
D02362,hsa3362
D02362,hsa3357
D02362,hsa153
D02362,hsa3360
D02362,hsa3351
D02362,hsa150
D02362,hsa3358
D02362,hsa155
D02362,hsa3363
D02362,hsa3350
D02362,hsa3269
DB12789,hsa11251
DB12789,hsa5737
DB00666,hsa2798
D10006,hsa3356
D06012,hsa3269
D06569,hsa4157
D06569,hsa4158
D06569,hsa4161
D06569,hsa4159
D06569,hsa4160
D09876,hsa1813
D09876,hsa3350
D09876,hsa3356
D00613,hsa148
D00613,hsa147
D00613,hsa146
D00613,hsa150
D00613,hsa151
D00613,hsa152
D00613,hsa1812
D00613,hsa1816
D10749,hsa11255
D02826,hsa3351
D02826,hsa3352
D00687,hsa154
D00687,hsa153
D00687,hsa155
D01600,hsa1128
D01600,hsa1129
D01600,hsa1131
D01600,hsa1132
D01600,hsa1133
D07316,hsa1814
D07316,hsa3358
D05718,hsa154
D05879,hsa155
D03579,hsa4988
D03579,hsa4986
D03579,hsa4985
D08570,hsa153
D08570,hsa155
D08570,hsa154
D09335,hsa2798
D08046,hsa4988
D04625,hsa153
D04625,hsa154
D05769,hsa3269
D09969,hsa5732
DB02709,hsa4544
DB02709,hsa4543
D02071,hsa1128
D02071,hsa1129
D02071,hsa1131
D02071,hsa1132
D02071,hsa1133
D00847,hsa4985
D00847,hsa4986
D00847,hsa4988
D07307,hsa3356
D07307,hsa3358
D10648,hsa4988
D10904,hsa1901
D10904,hsa9294
D10904,hsa1903
D10904,hsa8698
D10904,hsa53637
D02689,hsa4544
D02689,hsa4543
DB06153,hsa151
DB06153,hsa3358
DB06153,hsa3269
DB06153,hsa1129
DB06153,hsa3357
DB06153,hsa3356
DB06153,hsa3352
DB06153,hsa3354
DB06153,hsa3355
DB06153,hsa3351
DB06153,hsa146
DB06153,hsa152
DB06153,hsa150
DB06153,hsa147
DB06153,hsa1131
DB06153,hsa3350
DB06153,hsa148
DB06153,hsa1128
DB00483,hsa1133
DB00483,hsa1128
DB00483,hsa1129
D09871,hsa11255
D11313,hsa10203
D02569,hsa150
D02569,hsa151
D02569,hsa152
D02569,hsa3350
D08408,hsa10800
D10326,hsa5729
D00124,hsa151
D00124,hsa153
D00124,hsa155
D00124,hsa146
D00124,hsa152
D00124,hsa150
D00124,hsa147
D00124,hsa148
D00124,hsa154
D02676,hsa1812
D02676,hsa1813
D02676,hsa1814
D02676,hsa1815
D02676,hsa1816
D04314,hsa3350
D00675,hsa3352
D00675,hsa3351
D00675,hsa3355
D08683,hsa150
D08683,hsa151
D08683,hsa152
D00225,hsa3577
D03824,hsa1128
D03824,hsa1129
D03824,hsa1131
D03824,hsa1132
D03824,hsa1133
D01887,hsa148
D01887,hsa147
D01887,hsa146
D01471,hsa153
D01471,hsa154
D10336,hsa2864
D02404,hsa154
D00784,hsa1813
D00784,hsa1814
D00784,hsa1815
D00784,hsa147
D00784,hsa151
D00784,hsa152
D00784,hsa146
D00784,hsa150
D00784,hsa148
D10663,hsa10203
D04038,hsa1813
D04038,hsa1812
D07833,hsa148
D07833,hsa147
D07833,hsa146
D07833,hsa150
D07833,hsa151
D07833,hsa152
D00676,hsa3351
D00676,hsa3352
D00676,hsa3355
D00676,hsa3350
D10171,hsa3358
D05642,hsa5737
D02726,hsa5732
D03914,hsa148
D03914,hsa147
D03914,hsa146
D03914,hsa153
D03568,hsa3269
D04055,hsa3269
D04055,hsa3356
D04055,hsa147
D04055,hsa4986
D04055,hsa146
D04055,hsa150
D04055,hsa3358
D04055,hsa148
D08322,hsa151
D08322,hsa146
D08322,hsa152
D08322,hsa150
D08322,hsa147
D08322,hsa148
D03361,hsa64805
D10364,hsa148
D10364,hsa147
D10364,hsa150
D10364,hsa151
D10364,hsa152
D10364,hsa1813
D10364,hsa1131
D10364,hsa1128
D10364,hsa3358
D10364,hsa1129
D10364,hsa3269
D10364,hsa3352
D10364,hsa3351
D10364,hsa3350
D10364,hsa3354
D10364,hsa3363
D10364,hsa1812
D10364,hsa1816
D10364,hsa3356
D10364,hsa1814
D10364,hsa1815
D10364,hsa3362
D10364,hsa1132
D10364,hsa1133
DB00697,hsa151
DB00697,hsa146
DB00697,hsa152
DB00697,hsa150
DB00697,hsa147
DB00697,hsa148
D05632,hsa4988
D06268,hsa4988
D09797,hsa5021
D08945,hsa154
D03373,hsa2693
D05779,hsa1128
D01231,hsa1128
D01231,hsa1129
D01231,hsa1131
D01231,hsa1132
D01231,hsa1133
D01453,hsa134
D01453,hsa135
D08342,hsa1813
D03725,hsa4988
D03725,hsa4985
D08653,hsa1128
D08653,hsa1129
D08653,hsa1131
D08653,hsa1132
D08653,hsa1133
D06671,hsa150
D06671,hsa151
D06671,hsa152
DB00942,hsa1128
D02076,hsa150
D02076,hsa151
D02076,hsa152
D08647,hsa134
D08647,hsa135
D08647,hsa136
D08647,hsa140
D11320,hsa150
D11320,hsa151
D11320,hsa152
D07718,hsa1813
D07402,hsa3269
D08284,hsa151
D08284,hsa153
D08284,hsa155
D08284,hsa146
D08284,hsa152
D08284,hsa150
D08284,hsa147
D08284,hsa148
D08284,hsa154
D00665,hsa3269
D05008,hsa1813
D05008,hsa3360
D05008,hsa1128
D04320,hsa3356
D04320,hsa3357
D04320,hsa3358
D07958,hsa3269
D04501,hsa6915
D03711,hsa1129
D03711,hsa1132
D03711,hsa1133
D03711,hsa1131
D03711,hsa1128
D00284,hsa4158
DB00918,hsa3351
DB00918,hsa3352
D04174,hsa2798
D09842,hsa148
D09842,hsa147
D09842,hsa146
D09842,hsa150
D09842,hsa151
D09842,hsa152
D09842,hsa153
D09842,hsa154
D09842,hsa155
D00440,hsa3274
D05085,hsa1241
D05085,hsa56413
D08065,hsa5739
D10699,hsa151306
D11292,hsa4988
D08207,hsa148
D08207,hsa147
D08207,hsa146
D08207,hsa150
D08207,hsa151
D08207,hsa152
D08207,hsa3357
D08207,hsa1812
D08090,hsa153
D08090,hsa155
D08090,hsa154
D02577,hsa3350
D02577,hsa3356
D02577,hsa1815
D02577,hsa3357
D02577,hsa3358
D07301,hsa1128
D07301,hsa1129
D07301,hsa1131
D07301,hsa1132
D07301,hsa1133
D01512,hsa153
D01512,hsa154
D01512,hsa155
D01346,hsa2918
D10433,hsa155
D03729,hsa153
D03729,hsa155
D03729,hsa3351
D03729,hsa3350
D03729,hsa154
D02358,hsa153
D02358,hsa154
D03121,hsa3350
D00636,hsa148
D00636,hsa147
D00636,hsa146
D00636,hsa153
D02064,hsa1128
D02064,hsa1129
D02064,hsa1131
D02064,hsa1132
D02064,hsa1133
D02849,hsa10800
D04488,hsa1812
D04488,hsa1813
D04122,hsa6869
D04223,hsa150
D04223,hsa151
D04223,hsa152
D01831,hsa2798
D07990,hsa153
D07990,hsa155
D07990,hsa154
DB11186,hsa4988
DB11186,hsa4986
D00426,hsa148
D00426,hsa147
D00426,hsa150
D00426,hsa151
D00426,hsa152
D00426,hsa1813
D00426,hsa3358
D00426,hsa3269
D00426,hsa3352
D00426,hsa3350
D00426,hsa3363
D00426,hsa1812
D00426,hsa3356
D00426,hsa1814
D00426,hsa1815
D00426,hsa146
D01692,hsa148
D01692,hsa147
D01692,hsa146
D03858,hsa1131
D03858,hsa1128
D03858,hsa1129
D03858,hsa1132
D03858,hsa1133
D02092,hsa3356
D02092,hsa3360
D06192,hsa1128
D06192,hsa1129
D06192,hsa1131
D06192,hsa1132
D06192,hsa1133
D10939,hsa1128
D10939,hsa1129
D10939,hsa1131
D10939,hsa1132
D10939,hsa1133
D10309,hsa147
D10309,hsa152
D10309,hsa1813
D10309,hsa3350
D10309,hsa3356
D00996,hsa151
D00996,hsa153
D00996,hsa155
D00996,hsa146
D00996,hsa152
D00996,hsa150
D00996,hsa147
D00996,hsa148
D00996,hsa154
D08850,hsa155
D03088,hsa1128
D03088,hsa1129
D03088,hsa1131
D03088,hsa1132
D03088,hsa1133
D07475,hsa5021
D01444,hsa148
D01444,hsa147
D01444,hsa146
D01444,hsa153
D01444,hsa154
D01444,hsa155
D04061,hsa2852
DB00797,hsa151
DB00797,hsa3269
DB00797,hsa3274
DB00797,hsa146
DB00797,hsa152
DB00797,hsa150
DB00797,hsa147
DB00797,hsa148
D00394,hsa148
D00394,hsa147
D00394,hsa150
D00394,hsa151
D00394,hsa153
D00394,hsa154
D00394,hsa155
D00394,hsa1813
D00394,hsa1131
D00394,hsa1128
D00394,hsa3358
D00394,hsa1129
D00394,hsa3269
D00394,hsa3352
D00394,hsa3350
D00394,hsa1812
D00394,hsa1816
D00394,hsa3356
D00394,hsa1132
D00394,hsa1133
D00394,hsa3577
D08206,hsa151
D08206,hsa153
D08206,hsa155
D08206,hsa146
D08206,hsa152
D08206,hsa150
D08206,hsa147
D08206,hsa148
D08206,hsa154
D04823,hsa2798
D01188,hsa5739
D01978,hsa154
DB14487,hsa623
D02104,hsa4985
D02104,hsa4986
D02104,hsa4988
D05597,hsa64805
D02338,hsa153
D02338,hsa154
D02338,hsa155
D02102,hsa4988
D02102,hsa4985
D05012,hsa1128
D05012,hsa1129
D05012,hsa1131
D05012,hsa1132
D05012,hsa1133
D07560,hsa148
D07560,hsa147
D07560,hsa146
D01297,hsa1128
D01297,hsa1129
D01297,hsa1131
D01297,hsa1132
D01297,hsa1133
D08435,hsa153
D08435,hsa154
D00535,hsa2550
D08511,hsa150
D08511,hsa151
D08511,hsa152
D01349,hsa154
D07140,hsa6915
D09645,hsa3356
D01130,hsa1813
D01130,hsa1815
D01130,hsa1812
D05087,hsa150
D05087,hsa151
D05087,hsa152
D04087,hsa1128
D04087,hsa1129
D04087,hsa1131
D04087,hsa1132
D04087,hsa1133
D07124,hsa148
D07124,hsa147
D07124,hsa146
D02723,hsa5731
D06240,hsa5732
D00598,hsa153
D00598,hsa154
D10349,hsa4988
D02566,hsa148
D02566,hsa147
D02566,hsa146
D02566,hsa150
D02566,hsa151
D02566,hsa152
D02566,hsa1813
D02566,hsa1131
D02566,hsa1128
D02566,hsa3358
D02566,hsa1129
D02566,hsa3269
D02566,hsa3363
D02566,hsa3356
D02566,hsa1132
D02566,hsa1133
D02566,hsa11255
D02566,hsa59340
D07977,hsa1813
D07977,hsa3358
D07977,hsa1812
D07977,hsa3356
DB00297,hsa5731
D08305,hsa3269
D08432,hsa3269
D04128,hsa1909
DB01409,hsa1131
DB01409,hsa1128
DB01409,hsa1129
DB01409,hsa1132
DB01409,hsa1133
D01007,hsa1128
D01007,hsa1129
D01007,hsa1131
D01007,hsa1132
D01007,hsa1133
D08257,hsa148
D08257,hsa147
D08257,hsa150
D08257,hsa3358
D08257,hsa3350
D08257,hsa3356
D08257,hsa146
D03859,hsa1128
D03859,hsa1129
D03859,hsa1131
D03859,hsa1132
D03859,hsa1133
D00835,hsa4988
D00757,hsa148
D00757,hsa147
D00757,hsa146
D00757,hsa150
D00757,hsa151
D00757,hsa152
D02212,hsa1128
D02212,hsa1129
D02212,hsa1131
D02212,hsa1132
D02212,hsa1133
D00607,hsa148
D00607,hsa147
D00607,hsa146
D00607,hsa150
D00607,hsa151
D00607,hsa152
D09397,hsa1813
D09397,hsa1814
D09397,hsa3350
D08971,hsa7852
D07197,hsa3269
D02048,hsa5739
D00635,hsa153
D00635,hsa154
D03503,hsa3274
D01571,hsa148
D01571,hsa147
D01571,hsa146
D01786,hsa3269
D00840,hsa4988
D02976,hsa153
D02976,hsa154
D02976,hsa155
D00659,hsa3269
D00659,hsa3274
D08691,hsa1812
D08691,hsa1813
D04531,hsa148
D04531,hsa147
D04531,hsa146
D00371,hsa134
D00371,hsa135
D00371,hsa136
DB08936,hsa3269
D03694,hsa2798
D02641,hsa1812
D02641,hsa1813
D01385,hsa10800
D01385,hsa5739
D10424,hsa3355
D01295,hsa1813
D01295,hsa1131
D01295,hsa1128
D01295,hsa1129
D01295,hsa3269
D01295,hsa1812
D01295,hsa1816
D01295,hsa1132
D01295,hsa1133
D01295,hsa1814
D07401,hsa3269
D03864,hsa5029
D04889,hsa153
D04889,hsa154
D04889,hsa155
D05690,hsa1813
D10915,hsa1268
D10915,hsa2841
D10915,hsa4988
D10915,hsa3356
D10915,hsa134
D10915,hsa9290
D10915,hsa2835
D10915,hsa4985
D10915,hsa1269
D10915,hsa3350
D03634,hsa4887
D02389,hsa153
D02389,hsa154
D02389,hsa155
D05039,hsa1813
D05039,hsa1128
D05039,hsa3358
D05039,hsa3357
D05039,hsa1812
D05039,hsa3356
D00601,hsa153
D00601,hsa154
D03982,hsa3351
D03982,hsa3352
D08495,hsa3274
D00671,hsa3269
D03087,hsa1129
D03087,hsa1132
D03087,hsa1133
D03087,hsa1131
D03087,hsa1128
D03881,hsa153
D03881,hsa154
D03881,hsa147
D03881,hsa146
D03881,hsa148
D06659,hsa10800
D05476,hsa154
D06495,hsa6751
D06495,hsa6755
D06495,hsa6752
D02950,hsa3269
D02878,hsa4988
D02878,hsa4986
D02878,hsa4985
D00456,hsa4988
D00456,hsa3351
D00456,hsa3350
D00456,hsa3360
DB11591,hsa3269
D04895,hsa135
D07730,hsa5737
D03156,hsa4988
D07171,hsa1910
D07171,hsa1909
D01454,hsa153
D01454,hsa154
D01454,hsa155
D05812,hsa6751
D05812,hsa6752
D05812,hsa6753
D05812,hsa6754
D05812,hsa6755
D07713,hsa153
D07713,hsa155
D07713,hsa154
D04883,hsa151
D04883,hsa152
D04883,hsa150
D08247,hsa4986
D08247,hsa4988
D00295,hsa3274
D08362,hsa151
D08362,hsa146
D08362,hsa152
D08362,hsa150
D08362,hsa147
D08362,hsa148
D02034,hsa150
D02034,hsa151
D02034,hsa152
D00843,hsa4985
D00843,hsa4986
D00843,hsa4988
D00281,hsa148
D00281,hsa147
D00281,hsa146
D00281,hsa150
D00281,hsa151
D00281,hsa152
D01592,hsa3269
D01592,hsa11255
D10971,hsa140
D01795,hsa153
D01795,hsa154
D01795,hsa155
D02625,hsa1813
D07557,hsa4988
DB06480,hsa3360
D10690,hsa4988
D01017,hsa148
D01017,hsa147
D01017,hsa146
D01017,hsa150
D01017,hsa151
D01017,hsa152
D01017,hsa153
D01017,hsa154
D01017,hsa155
D02109,hsa151
D02109,hsa153
D02109,hsa155
D02109,hsa146
D02109,hsa152
D02109,hsa150
D02109,hsa147
D02109,hsa148
D02109,hsa154
D08366,hsa147
D08366,hsa148
D08366,hsa146
D01386,hsa151
D01386,hsa153
D01386,hsa155
D01386,hsa146
D01386,hsa152
D01386,hsa150
D01386,hsa147
D01386,hsa148
D01386,hsa154
D05740,hsa3351
D05740,hsa3352
D05740,hsa3355
D10180,hsa1131
D10180,hsa1128
D10180,hsa1129
D10180,hsa1132
D10180,hsa1133
D09366,hsa1813
D09366,hsa1814
D09366,hsa3350
D08323,hsa4988
D08323,hsa4985
D02604,hsa1812
D02604,hsa1813
D00644,hsa153
D08473,hsa4988
D08473,hsa4986
D08473,hsa4985
D08054,hsa3269
D03742,hsa4988
D03742,hsa4986
D03742,hsa4985
D02613,hsa1813
D02613,hsa3269
D02613,hsa1812
D02613,hsa3356
D02613,hsa1816
D02613,hsa150
D02613,hsa148
D09693,hsa3360
DB01148,hsa1128
DB01148,hsa1129
D08172,hsa1813
D00776,hsa150
D00776,hsa151
D00776,hsa152
D00776,hsa147
D00776,hsa146
D00776,hsa148
DB06706,hsa148
D01691,hsa148
D01691,hsa147
D01691,hsa146
D01691,hsa153
D01691,hsa154
D01691,hsa155
D03887,hsa148
D03887,hsa147
D03887,hsa146
D03887,hsa150
D03887,hsa151
D03887,hsa152
D01126,hsa222545
D01745,hsa1813
D01745,hsa1814
D00419,hsa5732
D00419,hsa5733
D00419,hsa5734
D00419,hsa5731
D01201,hsa1128
D01201,hsa1129
D01201,hsa1131
D01201,hsa1132
D01201,hsa1133
D07181,hsa153
D07181,hsa154
D07181,hsa155
D01467,hsa3274
D05306,hsa3274
D07904,hsa4986
D07904,hsa4988
D00645,hsa153
D00645,hsa154
D08318,hsa153
D08318,hsa155
D08318,hsa154
D05339,hsa148
D05339,hsa147
D05339,hsa150
D05339,hsa151
D05339,hsa152
D05339,hsa1813
D05339,hsa3358
D05339,hsa3269
D05339,hsa3352
D05339,hsa3350
D05339,hsa3363
D05339,hsa1812
D05339,hsa3356
D05339,hsa1814
D05339,hsa1815
D07460,hsa150
D07460,hsa151
D07460,hsa152
D07460,hsa1813
D07460,hsa3358
D07460,hsa3352
D07460,hsa3351
D07460,hsa3350
D07460,hsa3357
D07460,hsa1812
D07460,hsa1816
D07460,hsa3356
D07460,hsa1814
D07460,hsa1815
D08118,hsa3269
D09358,hsa3350
D10692,hsa4988
D01477,hsa1813
D01477,hsa3269
D01477,hsa3356
D01477,hsa3357
D01477,hsa3358
D08106,hsa148
D08106,hsa147
D08106,hsa146
D08106,hsa153
D08106,hsa154
D00282,hsa338442
D08411,hsa148
D08411,hsa147
D08411,hsa146
D08411,hsa150
D08411,hsa151
DB00599,hsa1131
D00997,hsa148
D00997,hsa147
D00997,hsa146
D00997,hsa150
D00997,hsa151
D00997,hsa152
D00997,hsa3274
D00997,hsa3269
D04184,hsa148
D07823,hsa1128
D07823,hsa1129
D07823,hsa1131
D07823,hsa1132
D07823,hsa1133
D02609,hsa1813
D02609,hsa147
D02609,hsa151
D02609,hsa152
D02609,hsa146
D02609,hsa150
D02609,hsa148
D02609,hsa3269
D08026,hsa4889
D07286,hsa4988
D07286,hsa4986
D07286,hsa4985
D01165,hsa1128
D01165,hsa1129
D01165,hsa1131
D01165,hsa1132
D01165,hsa1133
D05677,hsa1813
D10545,hsa1128
D10545,hsa1129
D10545,hsa1131
D10545,hsa1132
D10545,hsa1133
D10545,hsa154
D04479,hsa1128
D04479,hsa1129
D04479,hsa1131
D04479,hsa1132
D04479,hsa1133
D00608,hsa148
D00608,hsa147
D00608,hsa146
DB00202,hsa1131
DB00202,hsa1128
DB00202,hsa1129
D10118,hsa5021
D08040,hsa3269
D08040,hsa3274
D08040,hsa59340
D08040,hsa11255
DB00865,hsa148
DB00865,hsa150
D00988,hsa2798
D01929,hsa1131
D09994,hsa5739
D07227,hsa552
D07227,hsa553
D07227,hsa554
D00717,hsa1128
D00717,hsa1129
D00717,hsa1131
D10989,hsa1128
D10989,hsa1129
D10989,hsa1131
D10989,hsa1132
D10989,hsa1133
D07102,hsa1813
DB01593,hsa623
D00366,hsa552
D00366,hsa554
D00366,hsa553
D00760,hsa1129
D05206,hsa148
D05206,hsa147
D05206,hsa146
D05206,hsa150
D05206,hsa151
D05206,hsa152
D05206,hsa153
D05206,hsa154
D05206,hsa155
D03854,hsa3269
D03854,hsa1129
D11446,hsa5739
D04788,hsa3356
D08101,hsa4985
D08101,hsa4986
D08101,hsa4988
D08487,hsa150
D08487,hsa151
D08487,hsa152
D02750,hsa1128
D05792,hsa153
D05792,hsa154
D05792,hsa155
D00511,hsa148
D00511,hsa147
D00511,hsa146
D06395,hsa4986
D10703,hsa5739
D11345,hsa6870
D05011,hsa153
D05011,hsa154
D08637,hsa1813
D10436,hsa4988
D10436,hsa4987
D06327,hsa3350
D01021,hsa148
D01021,hsa147
D01021,hsa146
D07451,hsa148
D07451,hsa147
D07451,hsa146
D07451,hsa153
D07451,hsa154
D04187,hsa1901
D09608,hsa64805
D11009,hsa154
D10735,hsa59340
D02149,hsa148
D02149,hsa147
D02149,hsa146
D02149,hsa150
D02149,hsa151
D02149,hsa152
D02149,hsa153
D02149,hsa154
D02149,hsa155
D07878,hsa3269
D07878,hsa1128
DB01186,hsa151
DB01186,hsa1813
DB01186,hsa3358
DB01186,hsa1814
DB01186,hsa1812
DB01186,hsa3357
DB01186,hsa3356
DB01186,hsa3352
DB01186,hsa1815
DB01186,hsa3351
DB01186,hsa146
DB01186,hsa152
DB01186,hsa150
DB01186,hsa147
DB01186,hsa1816
DB01186,hsa3350
DB01186,hsa148
D02407,hsa150
D02407,hsa151
D02407,hsa152
D07976,hsa1812
D07976,hsa1813
D01226,hsa1814
D01226,hsa1813
D01113,hsa886
DB01625,hsa1131
DB01625,hsa1132
D00778,hsa1128
D00778,hsa1129
D00778,hsa1131
D00778,hsa1132
D00778,hsa1133
D00778,hsa3269
D03274,hsa1128
D03274,hsa1129
D03274,hsa1131
D03274,hsa1132
D03274,hsa1133
D03274,hsa150
D03274,hsa151
D03274,hsa152
D03274,hsa1813
D03274,hsa3269
D03274,hsa3356
D03274,hsa3357
D03274,hsa3358
D03274,hsa1815
D03274,hsa1814
D03274,hsa1812
D03274,hsa1816
D03274,hsa59340
D03274,hsa146
D03274,hsa148
D03274,hsa147
D03274,hsa3362
D03274,hsa3363
D03274,hsa3350
D05907,hsa4986
D00782,hsa1128
D00782,hsa1129
D00782,hsa1131
D00782,hsa1132
D00782,hsa1133
D06330,hsa1128
D06330,hsa1132
D07440,hsa3350
DB00964,hsa151
DB00964,hsa148
DB00964,hsa152
DB00964,hsa150
D00374,hsa1813
D00374,hsa1812
D00374,hsa3356
D10493,hsa134
D00139,hsa3577
D00283,hsa148
D00283,hsa147
D00283,hsa150
D00283,hsa151
D00283,hsa152
D00283,hsa1813
D00283,hsa1131
D00283,hsa1128
D00283,hsa3358
D00283,hsa1129
D00283,hsa3269
D00283,hsa3352
D00283,hsa3351
D00283,hsa3350
D00283,hsa3354
D00283,hsa3363
D00283,hsa1812
D00283,hsa3356
D00283,hsa1814
D00283,hsa1815
D00283,hsa3362
D00283,hsa1132
D00283,hsa1133
D00283,hsa59340
D00283,hsa146
D00283,hsa1816
D00283,hsa3355
D00283,hsa3357
D00283,hsa3360
D00283,hsa3361
D08347,hsa148
D08347,hsa147
D01522,hsa1813
D01713,hsa148
D01713,hsa150
D01713,hsa3269
D01713,hsa3363
D01713,hsa3356
D01713,hsa3274
D01713,hsa146
D01713,hsa147
D01713,hsa151
D00688,hsa154
D00688,hsa153
D00688,hsa155
DB09195,hsa148
DB09195,hsa147
DB09195,hsa146
DB09195,hsa150
DB09195,hsa151
DB09195,hsa152
DB09195,hsa3358
DB09195,hsa3269
DB09195,hsa3356
D00300,hsa11255
D00300,hsa3269
D00300,hsa59340
D00300,hsa1129
D07795,hsa150
D07795,hsa151
D07795,hsa152
D09392,hsa10203
D03648,hsa148
D03648,hsa147
D03648,hsa146
DB00706,hsa147
DB00706,hsa148
DB00706,hsa146
D03506,hsa3356
D03506,hsa3358
D02719,hsa5737
D07072,hsa3274
D00525,hsa1131
D00525,hsa1128
D00525,hsa1129
D00525,hsa1132
D01460,hsa3269
D02623,hsa1813
D05053,hsa2862
D02535,hsa1128
D02535,hsa1129
D02535,hsa1131
D02535,hsa1132
D02535,hsa1133
D06877,hsa1128
D06019,hsa134
D02371,hsa1813
D05418,hsa1128
D05418,hsa1129
D05418,hsa1131
D05418,hsa1132
D05418,hsa1133
D03979,hsa1128
D03979,hsa1129
D03979,hsa1131
D03979,hsa1132
D03979,hsa1133
D09991,hsa135
D11370,hsa6869
D03195,hsa153
D05660,hsa3269
D01123,hsa6915
DB13925,hsa6752
D09878,hsa729230
D09878,hsa1234
DB04948,hsa151
DB04948,hsa3358
DB04948,hsa3352
DB04948,hsa152
DB04948,hsa150
DB04948,hsa3350
DB04948,hsa148
DB04948,hsa3363
D00791,hsa1813
D00791,hsa1812
D00791,hsa3356
D00791,hsa3358
D03642,hsa6915
D07916,hsa153
D05048,hsa4988
D03966,hsa2912
D03966,hsa2913
D03966,hsa2916
D03966,hsa2918
D11630,hsa134
D11630,hsa136
D08509,hsa2692
D00303,hsa1131
D00303,hsa1128
D00303,hsa1129
D05037,hsa154
D05691,hsa154
DB01019,hsa1131
DB01019,hsa1128
DB01019,hsa1129
DB01019,hsa1132
D05801,hsa185
D09363,hsa1268
D03002,hsa150
D03002,hsa151
D03002,hsa152
D04980,hsa3269
D02237,hsa146
D02237,hsa147
D02237,hsa148
D02237,hsa150
D02237,hsa151
D02237,hsa152
D02093,hsa154
D02354,hsa1813
D02354,hsa1812
D02354,hsa1815
D02354,hsa1128
D02354,hsa1129
D02354,hsa1131
D02354,hsa1132
D02354,hsa1133
D02354,hsa3269
D02354,hsa3356
D02354,hsa3358
D09003,hsa135
D03443,hsa887
D03443,hsa886
D02279,hsa222545
D01548,hsa1813
D01548,hsa1814
D01548,hsa1815
D07482,hsa3269
D10740,hsa4988
D03290,hsa3269
D03290,hsa1128
D03290,hsa1132
D03290,hsa1133
D03290,hsa3356
D03290,hsa1129
D03290,hsa3274
D03290,hsa1813
D03290,hsa1131
D03290,hsa148
D07665,hsa3973
D07665,hsa2798
D03360,hsa3269
D03360,hsa1129
D10742,hsa6869
D01521,hsa1128
D01521,hsa1129
D01521,hsa1131
D01521,hsa1132
D01521,hsa1133
D01898,hsa1813
D01898,hsa1812
D01898,hsa2847
D01898,hsa151
D01898,hsa3356
D01898,hsa152
D01898,hsa148
D01898,hsa1814
D01898,hsa1131
D01898,hsa3362
D01898,hsa3350
D01898,hsa150
D01898,hsa3358
D01898,hsa3363
D01898,hsa3269
D11510,hsa7852
D04765,hsa150
D04765,hsa151
D04765,hsa152
D06355,hsa3274
D09801,hsa4157
D09801,hsa4158
D09801,hsa4159
D09801,hsa4160
D09801,hsa4161
D08368,hsa151
D08368,hsa1812
D08368,hsa153
D08368,hsa155
D08368,hsa146
D08368,hsa152
D08368,hsa150
D08368,hsa147
D08368,hsa148
D08368,hsa154
D01236,hsa552
D01236,hsa554
D10938,hsa1131
D10965,hsa5732
D09824,hsa6915
D10660,hsa2693
D00437,hsa146
D00437,hsa147
D00437,hsa148
D00437,hsa150
D00437,hsa151
D00437,hsa153
D00437,hsa154
D00437,hsa155
D00437,hsa3577
D01712,hsa134
D01712,hsa136
D01712,hsa135
D07448,hsa148
D07448,hsa147
D07448,hsa146
D07448,hsa150
D07448,hsa1131
D07448,hsa1128
D07448,hsa4988
D07448,hsa3358
D07448,hsa4986
D07448,hsa4985
D07448,hsa1129
D07448,hsa3269
D07448,hsa3352
D07448,hsa3351
D07448,hsa3350
D07448,hsa3363
D07448,hsa3356
D07448,hsa3362
D07448,hsa1132
D07448,hsa1133
D07448,hsa3274
D07448,hsa59340
D00410,hsa3577
D03518,hsa11255
D09696,hsa154
D08425,hsa1131
D08425,hsa1128
D08425,hsa1129
D08425,hsa1132
D08425,hsa1133
D09954,hsa1813
D01818,hsa887
D00726,hsa1813
D00726,hsa1128
D00726,hsa3360
D00726,hsa1814
D00726,hsa3350
D00726,hsa3351
D00726,hsa3352
D00726,hsa3354
D00726,hsa3355
D00726,hsa3356
D00726,hsa3357
D00726,hsa3358
D00726,hsa3361
D00726,hsa3362
D00726,hsa8843
D10174,hsa135
D05299,hsa4986
D01674,hsa148
D01674,hsa147
D01674,hsa146
D10387,hsa3579
D04708,hsa148
D04708,hsa153
D04708,hsa147
D04708,hsa146
D04708,hsa154
D02775,hsa1812
D03076,hsa1128
D03076,hsa1129
D03076,hsa1131
D03076,hsa1132
D03076,hsa1133
D08074,hsa153
D08074,hsa154
D08074,hsa3351
D08074,hsa3350
D08074,hsa155
D00597,hsa153
D00597,hsa154
D01164,hsa148
D01164,hsa147
D01164,hsa150
D01164,hsa151
D01164,hsa152
D01164,hsa1813
D01164,hsa1131
D01164,hsa1128
D01164,hsa3358
D01164,hsa1129
D01164,hsa3269
D01164,hsa3352
D01164,hsa3351
D01164,hsa3350
D01164,hsa3354
D01164,hsa3363
D01164,hsa1812
D01164,hsa1816
D01164,hsa3356
D01164,hsa1814
D01164,hsa1815
D01164,hsa3362
D01164,hsa1132
D01164,hsa1133
D01164,hsa3357
D01164,hsa154
D01164,hsa3361
D01164,hsa4986
D01164,hsa59340
D01164,hsa11255
D01164,hsa4985
D01164,hsa4988
D01164,hsa153
D01164,hsa3274
D09997,hsa1813
D09997,hsa3269
D09997,hsa3350
D09997,hsa3357
D09997,hsa3356
D09997,hsa1814
D02101,hsa4988
D02101,hsa4986
D02101,hsa4985
D00132,hsa3577
D02374,hsa153
D02374,hsa154
D02374,hsa155
D08216,hsa151
D08216,hsa1813
D08216,hsa3269
D08216,hsa148
D08216,hsa3358
D08216,hsa1814
D08216,hsa1812
D08216,hsa3357
D08216,hsa3356
D08216,hsa59340
D08216,hsa4986
D08216,hsa1816
D08216,hsa152
D08216,hsa150
D08216,hsa147
D08216,hsa3355
D08216,hsa3350
D08216,hsa146
D08216,hsa3363
D08216,hsa3362
D01828,hsa10800
D05129,hsa10800
D05129,hsa57105
D05129,hsa2357
D05129,hsa5729
D05129,hsa3269
DB09089,hsa1129
DB09089,hsa1132
DB09089,hsa4988
DB09089,hsa4986
DB09089,hsa1131
DB09089,hsa1128
D08365,hsa148
D08365,hsa147
D08365,hsa146
D02680,hsa1812
D02680,hsa1813
D02680,hsa3350
D02680,hsa3356
D02163,hsa1813
D02163,hsa1812
D02163,hsa3356
D02163,hsa3358
D02081,hsa153
D02081,hsa154
D02081,hsa155
D07932,hsa5737
D01463,hsa1128
D01463,hsa1129
D01463,hsa1131
D01463,hsa1132
D01463,hsa1133
D02622,hsa1813
D01355,hsa4988
D01355,hsa1128
D01355,hsa4986
D01355,hsa134
D01355,hsa4985
D01355,hsa151
D01355,hsa152
D01355,hsa1131
D01355,hsa6869
D01355,hsa150
D01355,hsa3358
D10117,hsa5021
D06574,hsa6869
D08497,hsa3269
D08497,hsa5724
D07887,hsa3352
D07887,hsa3351
D07887,hsa3355
D07887,hsa3350
D07887,hsa3354
D07887,hsa3357
D07887,hsa3363
D01902,hsa3269
D01902,hsa3356
D01902,hsa3357
D01902,hsa3358
D08010,hsa2798
D07194,hsa3269
D07538,hsa1909
D07538,hsa1910
D07078,hsa1131
D05902,hsa154
D02249,hsa3269
DB11842,hsa185
DB13956,hsa2852
D01925,hsa7201
D08525,hsa153
D08525,hsa154
D01025,hsa153
D01025,hsa155
D01025,hsa146
D01025,hsa147
D01025,hsa148
D01025,hsa154
D07682,hsa1909
D10968,hsa1901
D10968,hsa9294
D10968,hsa1903
D10968,hsa8698
D10968,hsa53637
D01307,hsa148
D01307,hsa147
D01307,hsa146
D01815,hsa1128
D01815,hsa1129
D01815,hsa1131
D01815,hsa1132
D01815,hsa1133
D04820,hsa150
D04820,hsa152
D04820,hsa1813
D04820,hsa3350
D04820,hsa3363
D04820,hsa3356
D08249,hsa4988
D08249,hsa4986
D08249,hsa4985
D05646,hsa4986
D06147,hsa4988
D10145,hsa154
D03889,hsa3274
D02089,hsa3269
D02089,hsa1128
DB01255,hsa134864
DB01063,hsa1813
DB01063,hsa1812
D09694,hsa3360
D07407,hsa3269
D07407,hsa5724
D02245,hsa3269
D00720,hsa1128
D00720,hsa1129
D00720,hsa1131
D00720,hsa1132
D00720,hsa1133
D07537,hsa153
D07537,hsa154
D07537,hsa155
D02893,hsa3356
D02893,hsa3358
D03534,hsa1813
D02627,hsa1813
D01373,hsa154
D01373,hsa153
D01373,hsa155
D02688,hsa1813
D02688,hsa3350
D02688,hsa3356
D02688,hsa3357
D02688,hsa3358
D02688,hsa3362
D09765,hsa2149
DB00940,hsa1128
DB00940,hsa3274
D07836,hsa1813
D00719,hsa1128
D00719,hsa1129
D00719,hsa1131
D00719,hsa1132
D00719,hsa1133
D01903,hsa153
D01903,hsa1812
DB01577,hsa134864
DB01577,hsa150
DB01577,hsa151
DB01577,hsa152
D04098,hsa3274
D10020,hsa154
D08117,hsa3269
D08117,hsa23620
D09784,hsa148
D08236,hsa3360
D03891,hsa154
D03891,hsa1812
D03891,hsa1813
D03891,hsa1814
D03891,hsa1815
D03891,hsa1816
D01204,hsa185
D07834,hsa148
D07834,hsa147
D07834,hsa146
D07834,hsa150
D07834,hsa151
D07834,hsa152
D07834,hsa153
D07834,hsa154
D07834,hsa155
D07834,hsa1813
D07834,hsa3358
D07834,hsa3352
D07834,hsa3351
D07834,hsa3355
D07834,hsa3350
D07834,hsa3354
D07834,hsa3357
D07834,hsa3363
D07834,hsa1812
D07834,hsa1816
D07834,hsa3356
D07834,hsa1814
D07834,hsa1815
D07834,hsa3362
D07834,hsa3360
D03120,hsa135
D00574,hsa3577
D08558,hsa1813
DB13955,hsa2852
D02725,hsa5732
D02725,hsa5731
D02725,hsa5733
D07997,hsa3352
D07997,hsa3351
D01891,hsa5732
D01891,hsa5733
D08234,hsa4988
D10181,hsa1128
D10181,hsa1129
D10181,hsa1131
D10181,hsa1132
D10181,hsa1133
D08078,hsa153
D08078,hsa154
DB00272,hsa3274
D06007,hsa4988
D06007,hsa4986
D06007,hsa4985
D02381,hsa80834
D02381,hsa83756
D07403,hsa3269
D02851,hsa10800
D07590,hsa153
D07590,hsa154
D07590,hsa155
D01860,hsa1813
D02995,hsa148
D02995,hsa150
D02995,hsa151
D02995,hsa152
D02995,hsa153
D02995,hsa154
D02995,hsa1813
D02995,hsa3358
D02995,hsa3269
D02995,hsa3351
D02995,hsa3350
D02995,hsa3357
D02995,hsa3363
D02995,hsa1812
D02995,hsa3356
D02995,hsa1814
D02995,hsa1815
D02995,hsa3362
D02995,hsa3274
D02995,hsa3361
D00320,hsa4988
D00320,hsa4986
D00320,hsa4985
D04148,hsa3356
D04148,hsa3357
D04148,hsa3358
D04860,hsa6869
D02732,hsa10800
D01008,hsa150
D01008,hsa151
D01008,hsa152
D01008,hsa148
D07113,hsa4985
D07113,hsa4986
D07113,hsa4988
D01435,hsa4988
D02738,hsa2798
D04701,hsa154
D10378,hsa10803
D00011,hsa2841
D04006,hsa134
D04006,hsa135
D04006,hsa136
D04006,hsa140
D02417,hsa1128
D02417,hsa1129
D02417,hsa1131
D02417,hsa1132
D02417,hsa1133
D01360,hsa154
D00685,hsa154
D05939,hsa3274
D10905,hsa1901
D10905,hsa9294
D10905,hsa1903
D10905,hsa8698
D10905,hsa53637
D08768,hsa3269
D10379,hsa10803
D11215,hsa1901
D10441,hsa5737
D00548,hsa151
DB13928,hsa2740
D00301,hsa4988
D00301,hsa4985
D02235,hsa554
D02235,hsa553
D02235,hsa552
D01447,hsa1813
D06253,hsa3356
D06253,hsa3357
D06253,hsa3358
D07385,hsa4988
D07385,hsa4986
D07385,hsa4985
D01994,hsa3360
D06189,hsa4985
D06189,hsa4986
D06189,hsa4988
D01383,hsa4988
D01383,hsa1128
D01383,hsa1132
D01383,hsa1133
D01383,hsa4986
D01383,hsa1129
D01383,hsa1131
D08132,hsa150
D08132,hsa151
D08132,hsa152
D08132,hsa1813
D08132,hsa3358
D08132,hsa3352
D08132,hsa3351
D08132,hsa3350
D08132,hsa3357
D08132,hsa3363
D08132,hsa1812
D08132,hsa1816
D08132,hsa3356
D08132,hsa1814
D08132,hsa1815
D00109,hsa1909
D11169,hsa1813
D11169,hsa3356
D00632,hsa153
D00632,hsa154
D00632,hsa147
D00632,hsa146
D00632,hsa148
DB00574,hsa3356
DB00574,hsa3357
DB00574,hsa3358
D02537,hsa148
D02537,hsa147
D02537,hsa146
D02537,hsa150
D02537,hsa151
D02537,hsa152
D02537,hsa153
D08144,hsa4988
D08144,hsa4986
D08144,hsa4985
D00788,hsa1812
D00788,hsa1813
D00481,hsa1128
D00481,hsa1129
D00481,hsa1131
D00481,hsa1132
D00481,hsa1133
D07217,hsa1816
D07217,hsa1812
D07217,hsa1813
D09887,hsa1813
D09887,hsa1814
D09887,hsa1812
D09887,hsa1816
D09887,hsa150
D09887,hsa3350
D09887,hsa1815
D10930,hsa1901
D10930,hsa9294
D10930,hsa1903
D10930,hsa8698
D10930,hsa53637
D00795,hsa1813
D00795,hsa3356
D09318,hsa154
D11549,hsa1128
D11549,hsa1129
D11549,hsa1131
D11549,hsa1132
D11549,hsa1133
D10375,hsa4988
D00793,hsa1813
D00793,hsa1812
D00793,hsa3356
D00793,hsa3358
D00357,hsa185
D10710,hsa3358
D10710,hsa3362
D01118,hsa1128
D01118,hsa1129
D01118,hsa1131
D01118,hsa1132
D01118,hsa1133
D08645,hsa3269
D01813,hsa338442
D01813,hsa8843
D03214,hsa1813
D03214,hsa1814
D05970,hsa6915
D08100,hsa4985
D08100,hsa4986
D08100,hsa4988
D09362,hsa1268
D08988,hsa6869
D11547,hsa135
D00682,hsa5731
D00682,hsa5737
D07377,hsa154
D01077,hsa1128
D01077,hsa1129
D01077,hsa1131
D01077,hsa1132
D01077,hsa1133
D03620,hsa3269
D07864,hsa4986
D07864,hsa4988
D01532,hsa1128
D01532,hsa1129
D01532,hsa1131
D01532,hsa1132
D01532,hsa1133
D00780,hsa1813
D00780,hsa147
D00780,hsa1812
D00780,hsa1815
D00780,hsa3352
D00780,hsa152
D00780,hsa151
D00780,hsa3356
D00780,hsa1816
D00780,hsa148
D00780,hsa1814
D00780,hsa3351
D00780,hsa3357
D00780,hsa146
D00780,hsa150
D00780,hsa3358
D00780,hsa3363
D00780,hsa3350
D10546,hsa1128
D10546,hsa1129
D10546,hsa1131
D10546,hsa1132
D10546,hsa1133
D10546,hsa154
D03009,hsa1909
D07890,hsa3269
D09610,hsa1394
D07868,hsa1813
D10185,hsa3350
D07603,hsa134
D07603,hsa135
D01481,hsa4988
D02021,hsa6344
D03399,hsa5737
D03399,hsa5731
D04680,hsa3274
D08099,hsa3356
D03014,hsa3351
D03014,hsa3352
D01000,hsa1128
D01000,hsa1129
D01000,hsa1131
D01000,hsa1132
D01000,hsa1133
D04137,hsa552
D07065,hsa1812
D07065,hsa1813
D01801,hsa3269
D08288,hsa148
D08288,hsa147
D08288,hsa146
D08288,hsa150
D08288,hsa151
D08288,hsa152
D08288,hsa153
D08288,hsa154
D08288,hsa155
D08288,hsa1813
D08288,hsa1131
D08288,hsa1128
D08288,hsa3358
D08288,hsa1129
D08288,hsa3269
D08288,hsa3350
D08288,hsa3356
D08288,hsa3362
D08288,hsa1132
D08288,hsa1133
D00729,hsa4985
D00729,hsa4986
D00729,hsa4988
D00987,hsa148
D00987,hsa147
D00987,hsa146
D00987,hsa150
D00987,hsa151
D00987,hsa152
D00987,hsa153
D00987,hsa154
D00987,hsa1813
D00987,hsa3358
D00987,hsa3352
D00987,hsa3351
D00987,hsa3350
D00987,hsa3357
D00987,hsa3363
D00987,hsa1812
D00987,hsa1816
D00987,hsa3356
D00987,hsa1814
D00987,hsa1815
D10888,hsa2798
DB01088,hsa11251
DB01088,hsa5731
DB01088,hsa5739
D07905,hsa148
D07905,hsa147
D07905,hsa146
D07905,hsa150
D07905,hsa151
D07905,hsa152
D05637,hsa134864
D05637,hsa148
D05637,hsa147
D05637,hsa146
D05637,hsa150
D05637,hsa151
D05637,hsa152
D03860,hsa4988
D03860,hsa4985
D10100,hsa3362
D02396,hsa154
D03008,hsa554
D03008,hsa552
D03008,hsa553
D03008,hsa5021
D08865,hsa185
D01321,hsa1813
D01321,hsa3363
D01321,hsa1812
D01321,hsa1816
D01321,hsa3356
D01321,hsa3362
D01321,hsa3350
D01321,hsa3351
D01321,hsa3352
D01321,hsa3354
D01321,hsa3355
D04120,hsa153
D04120,hsa154
D04120,hsa155
D07889,hsa3269
D07477,hsa1128
D07477,hsa1129
D07477,hsa1131
D07477,hsa1132
D07477,hsa1133
D11383,hsa1128
D11383,hsa1129
D11383,hsa1131
D11383,hsa1132
D11383,hsa1133
D02007,hsa7201
D09879,hsa729230
D09879,hsa1234
D05891,hsa1815
D05667,hsa4985
D05667,hsa4986
D05667,hsa4988
D03702,hsa150
D03702,hsa151
D03702,hsa152
D00674,hsa3351
D00674,hsa3352
D00674,hsa3355
D00674,hsa3350
D03963,hsa3269
D09748,hsa3269
D07803,hsa3269
D00989,hsa2798
D11460,hsa53637
D11460,hsa1901
D09843,hsa153
D09843,hsa154
D09843,hsa155
D02095,hsa4985
D02095,hsa4986
D02095,hsa4988
D02901,hsa148
D02901,hsa147
D02901,hsa146
D11609,hsa2798
D02356,hsa148
D02356,hsa147
D02356,hsa146
D02356,hsa1128
D02356,hsa1129
D02356,hsa150
D02356,hsa151
D05217,hsa4988
D11566,hsa3358
D10362,hsa135
D06343,hsa3356
D06343,hsa3357
D06343,hsa3358
D09717,hsa135
D11098,hsa1128
D09017,hsa64805
D08983,hsa64805
D08561,hsa3350
D08246,hsa4988
D08246,hsa4986
D08246,hsa4985
D05004,hsa3274
D08508,hsa3356
D00790,hsa1813
D00790,hsa1131
D00790,hsa1128
D00790,hsa3358
D00790,hsa1129
D00790,hsa3269
D00790,hsa3357
D00790,hsa1812
D00790,hsa3356
D00790,hsa1814
D00790,hsa1132
D00790,hsa1133
DB12141,hsa3358
DB12141,hsa3352
DB12141,hsa3351
DB12141,hsa3355
DB12141,hsa3350
DB12141,hsa3354
DB12141,hsa3357
DB12141,hsa3363
DB12141,hsa3356
DB12141,hsa3362
DB12141,hsa3360
D09650,hsa6869
D00079,hsa5733
D00079,hsa11251
D00079,hsa5731
D00079,hsa5734
D00079,hsa5732
D00079,hsa5739
D08192,hsa151
D08192,hsa146
D08192,hsa152
D08192,hsa150
D08192,hsa147
D08192,hsa148
D08092,hsa154
DB01226,hsa1131
DB01226,hsa1129
DB11235,hsa3269
DB11235,hsa1129
DB11235,hsa1132
DB11235,hsa1133
DB11235,hsa1131
DB11235,hsa1128
D02964,hsa134
D08693,hsa1812
D08693,hsa1813
D08600,hsa153
D08600,hsa154
D08161,hsa3269
D07741,hsa1909
D00765,hsa1129
D00765,hsa1128
D00765,hsa1131
D00765,hsa1132
D00765,hsa1133
D00820,hsa3356
D00820,hsa3357
D00820,hsa3358
D00820,hsa148
D00820,hsa150
D00820,hsa3350
D00820,hsa3269
D07196,hsa3269
DB00332,hsa1131
DB00332,hsa1128
DB00332,hsa1129
D02767,hsa3350
D02767,hsa3356
D02767,hsa3357
D02767,hsa3358
D10497,hsa6751
D10497,hsa6752
D10497,hsa6753
D10497,hsa6755
D07861,hsa4988
D07861,hsa4985
D11170,hsa1813
D11170,hsa3356
D06162,hsa153
D06162,hsa154
D06162,hsa155
D00600,hsa153
D00600,hsa155
D00600,hsa146
D00600,hsa147
D00600,hsa148
D00600,hsa154
D00606,hsa150
D00606,hsa151
D00606,hsa152
D08027,hsa2798
D04018,hsa151
D04018,hsa153
D04018,hsa155
D04018,hsa146
D04018,hsa152
D04018,hsa150
D04018,hsa147
D04018,hsa148
D04018,hsa154
D01390,hsa153
D01390,hsa155
D01390,hsa154
D01478,hsa3269
D00458,hsa1813
D00458,hsa3356
D00458,hsa1815
D00458,hsa3352
D00458,hsa3354
D00458,hsa1814
D00458,hsa1128
D00458,hsa1812
D00458,hsa1133
D00458,hsa1129
D00458,hsa1816
D00458,hsa146
D00458,hsa148
D00458,hsa147
D00458,hsa1132
D00458,hsa151
D00458,hsa152
D00458,hsa3362
D00458,hsa1131
D00458,hsa3351
D00458,hsa150
D00458,hsa3358
D00458,hsa3363
D00458,hsa3350
D00458,hsa3269
D05628,hsa1128
D05628,hsa1129
D05628,hsa1131
D05628,hsa1132
D05628,hsa1133
D04063,hsa2852
D09886,hsa1813
D09886,hsa1814
D09886,hsa1812
D09886,hsa1816
D09886,hsa150
D09886,hsa3350
D09886,hsa1815
D01362,hsa154
D08569,hsa148
D08569,hsa147
D08569,hsa146
D05107,hsa3356
D06280,hsa6915
D08253,hsa148
D08253,hsa150
D08253,hsa147
D08253,hsa146
D10403,hsa4988
D10403,hsa4986
D10403,hsa4985
D09933,hsa3360
D09336,hsa2798
D02037,hsa1813
D02037,hsa1812
D00045,hsa134
D00045,hsa135
D00045,hsa136
D00045,hsa140
D07937,hsa4985
D07937,hsa4986
D07937,hsa4988
D07937,hsa4987
D01242,hsa3269
D01242,hsa1128
D01242,hsa1132
D01242,hsa1133
D01242,hsa3356
D01242,hsa1129
D01242,hsa3274
D01242,hsa1813
D01242,hsa1131
D01242,hsa148
D06376,hsa3269
D00523,hsa185
DB00434,hsa3269
DB00434,hsa3358
DB00434,hsa1129
DB00434,hsa3356
DB00434,hsa3363
DB00434,hsa1131
DB00434,hsa1128
D06342,hsa4985
D06342,hsa4986
D06342,hsa4988
D01101,hsa1813
D07229,hsa5021
D02939,hsa185
D02939,hsa186
D02384,hsa10800
D00774,hsa3269
DB11275,hsa1813
DB11275,hsa1812
DB11275,hsa1816
DB11275,hsa1814
DB11275,hsa1815
D00451,hsa3352
D00451,hsa3351
D00451,hsa3355
D00451,hsa3350
D00451,hsa3354
D00451,hsa3356
D00451,hsa3357
D00451,hsa3358
D00451,hsa3360
D00451,hsa3361
D00451,hsa3362
D00666,hsa3269
D01071,hsa3577
D03198,hsa154
D07310,hsa1813
D07310,hsa3363
D07310,hsa3356
D07310,hsa1814
D08937,hsa624
D01871,hsa1131
D01871,hsa1128
D01871,hsa1129
D01871,hsa1132
D01871,hsa1133
D02644,hsa1812
D02644,hsa1813
D02644,hsa1816
D08626,hsa148
D08626,hsa150
D08626,hsa3358
D08626,hsa3269
D08626,hsa3350
D08626,hsa3356
D08626,hsa3357
D06015,hsa1128
D06015,hsa1129
D06015,hsa1131
D06015,hsa1132
D06015,hsa1133
D00105,hsa2852
D03197,hsa4986
D03197,hsa4988
D04264,hsa3351
D04264,hsa3352
D07492,hsa3269
DB00768,hsa11255
DB00768,hsa3274
DB00768,hsa3269
DB05316,hsa1813
DB05316,hsa3356
D01627,hsa3269
D00684,hsa154
D03276,hsa1128
D03276,hsa1129
D03276,hsa1131
D03276,hsa1132
D03276,hsa1133
D11629,hsa4160
D02327,hsa1128
D02327,hsa3269
D00049,hsa338442
D00049,hsa8843
D03494,hsa1812
D03494,hsa1813
D00249,hsa799
D00058,hsa2550
D08387,hsa153
D08387,hsa154
D03970,hsa1128
D03970,hsa1129
D03970,hsa1131
D03970,hsa1132
D03970,hsa1133
D09535,hsa155
D00965,hsa148
D08094,hsa1813
DB00925,hsa151
DB00925,hsa146
DB00925,hsa152
DB00925,hsa150
DB00925,hsa147
DB00925,hsa148
DB00925,hsa154
D07473,hsa4986
D11583,hsa4988
D09699,hsa3350
D02147,hsa153
D02147,hsa155
D02147,hsa154
D01573,hsa148
D01573,hsa147
D01573,hsa146
D01573,hsa150
D01573,hsa151
D01573,hsa152
D01573,hsa153
D01573,hsa154
D01573,hsa155
D09613,hsa5732
D08628,hsa5739
D02073,hsa5732
D02073,hsa5733
D02073,hsa5731
D03898,hsa135
D10966,hsa5732
D03210,hsa1234
D11608,hsa2798
D07489,hsa154
D00479,hsa1813
D00479,hsa147
D00479,hsa151
D00479,hsa152
D00479,hsa146
D00479,hsa150
D00479,hsa148
D00479,hsa3269
D08590,hsa1813
D07079,hsa1128
D07079,hsa1129
D07079,hsa1131
D07079,hsa1132
D07079,hsa1133
D03587,hsa154
D00602,hsa153
D00602,hsa154
D00602,hsa155
D04317,hsa2798
D04716,hsa4988
DB01392,hsa151
DB01392,hsa1813
DB01392,hsa3358
DB01392,hsa1814
DB01392,hsa3357
DB01392,hsa3356
DB01392,hsa3352
DB01392,hsa3351
DB01392,hsa152
DB01392,hsa150
DB01392,hsa3350
D08986,hsa5021
D05829,hsa3356
D05829,hsa3357
D05829,hsa3358
D02683,hsa1813
D02683,hsa1815
D02683,hsa3356
D02683,hsa1814
D10478,hsa4988
D01589,hsa154
D00560,hsa1813
D00560,hsa1814
D00560,hsa1812
D00560,hsa1816
D00560,hsa4985
D07349,hsa1128
D07349,hsa1129
D07349,hsa1131
D07349,hsa1132
D07349,hsa1133
D07863,hsa4986
D07863,hsa4988
D07863,hsa4985
D07226,hsa1131
D07226,hsa1128
D07226,hsa1129
D07226,hsa1132
D07226,hsa1133
D00794,hsa1813
D00794,hsa3356
D00794,hsa1815
D00794,hsa3352
D00794,hsa3354
D00794,hsa1814
D00794,hsa3361
D00794,hsa1128
D00794,hsa1812
D00794,hsa1133
D00794,hsa1129
D00794,hsa1816
D00794,hsa59340
D00794,hsa148
D00794,hsa147
D00794,hsa1132
D00794,hsa151
D00794,hsa152
D00794,hsa3362
D00794,hsa1131
D00794,hsa153
D00794,hsa3274
D00794,hsa3351
D00794,hsa150
D00794,hsa3358
D00794,hsa3363
D00794,hsa3350
D00794,hsa3269
D02834,hsa153
D02834,hsa154
D02834,hsa155
D02614,hsa153
D10128,hsa11255
D05360,hsa1128
D05360,hsa1129
D05360,hsa1131
D05360,hsa1132
D05360,hsa1133
D07526,hsa153
D07526,hsa154
D08636,hsa148
D08636,hsa1813
D04116,hsa1128
D04116,hsa1129
D04116,hsa1131
D04116,hsa1132
D04116,hsa1133
D08649,hsa2798
D06331,hsa1128
D06331,hsa1132
D00540,hsa1131
D00540,hsa1128
D00540,hsa1129
D07686,hsa1812
D07686,hsa1813
D08692,hsa1812
D08692,hsa1813
D00743,hsa148
D00743,hsa147
D00743,hsa146
D07624,hsa153
D07624,hsa154
D07624,hsa155
D00800,hsa1813
D00800,hsa1128
D00800,hsa1812
D00800,hsa1129
D00800,hsa3357
D02014,hsa185
D02014,hsa186
D00844,hsa4988
D08851,hsa155
D01347,hsa148
D01347,hsa147
D01347,hsa146
D01347,hsa150
D01347,hsa151
D01347,hsa152
D10129,hsa11255
D02981,hsa154
D09359,hsa3350
D09747,hsa3269
D08163,hsa3269
D02035,hsa1813
D08057,hsa1812
D08057,hsa1813
D01172,hsa3269
D01336,hsa3269
D00769,hsa64805
D04641,hsa135
DB04837,hsa3269
D01318,hsa1128
D01318,hsa1129
D01318,hsa1131
D01318,hsa1132
D01318,hsa1133
D05664,hsa3269
D02765,hsa153
D02765,hsa154
D02765,hsa155
D08395,hsa1128
D08395,hsa1129
D08395,hsa1131
D08395,hsa1132
D08395,hsa1133
D07660,hsa150
D07660,hsa151
D07660,hsa152
D07660,hsa153
D07660,hsa154
D07660,hsa155
D09866,hsa2149
D00480,hsa3269
D00480,hsa1128
D00480,hsa1132
D00480,hsa1133
D00480,hsa3356
D00480,hsa1129
D00480,hsa3274
D00480,hsa1813
D00480,hsa1131
D00480,hsa148
D00140,hsa2862
D10075,hsa3577
D10075,hsa3579
D07400,hsa3269
D04970,hsa1128
D04970,hsa1129
D04970,hsa1131
D04970,hsa1132
D04970,hsa1133
D07620,hsa4988
D07620,hsa4986
D07620,hsa4985
D07303,hsa1128
D07303,hsa1129
D07303,hsa1131
D07303,hsa1132
D07303,hsa1133
D05471,hsa3360
D07406,hsa3269
D00672,hsa3269
D06328,hsa153
D07183,hsa153
D07183,hsa154
D07183,hsa155
D00604,hsa150
D00604,hsa151
D00604,hsa152
D00604,hsa146
D00604,hsa147
D00604,hsa148
D07465,hsa148
D07465,hsa147
D07465,hsa146
D07465,hsa153
D07465,hsa154
DB13953,hsa2852
DB11855,hsa1129
DB11855,hsa1132
DB11855,hsa1133
DB11855,hsa1131
DB11855,hsa1128
DB03619,hsa151306
D01838,hsa3360
DB03128,hsa1131
DB03128,hsa1128
DB03128,hsa1129
DB03128,hsa1132
D06374,hsa154
D03618,hsa4986
D03618,hsa4988
D05804,hsa1813
D05804,hsa3350
D11425,hsa4988
D00787,hsa1128
D00787,hsa1129
D00787,hsa1131
D00787,hsa1132
D00787,hsa1133
D09732,hsa155
D09378,hsa6869
D01358,hsa150
D01358,hsa151
D01358,hsa152
D01358,hsa146
D01358,hsa147
D01358,hsa148
D01358,hsa3356
D08233,hsa4988
D08233,hsa4986
D08233,hsa4985
D08029,hsa148
D08029,hsa147
D08029,hsa146
D08029,hsa150
D08029,hsa151
D08029,hsa152
D08229,hsa10800
D00779,hsa1128
D00779,hsa1129
D00779,hsa1131
D00779,hsa1132
D00779,hsa1133
D05941,hsa3360
DB04835,hsa1234
D06281,hsa6752
D06281,hsa6755
D03221,hsa6869
D08489,hsa148
D08489,hsa147
D08489,hsa146
D08489,hsa150
D08489,hsa151
D08489,hsa152
D08489,hsa1813
D08489,hsa1814
D08489,hsa1815
D01654,hsa3269
D07125,hsa3269
D00251,hsa623
D00513,hsa153
D00513,hsa154
D00513,hsa155
D00513,hsa3351
D00513,hsa3350
D00513,hsa146
D00513,hsa147
D00513,hsa148
D00513,hsa150
D00513,hsa151
D00513,hsa3352
D00513,hsa3354
D00513,hsa3355
D00513,hsa3356
D00513,hsa3357
D00513,hsa3358
D00513,hsa3360
D00513,hsa3361
D00513,hsa3362
D07070,hsa1128
D07070,hsa1129
D07070,hsa1131
D07070,hsa1132
D07070,hsa1133
D01855,hsa554
D06103,hsa134
D06103,hsa136
D06103,hsa135
D00373,hsa148
D00373,hsa147
D00373,hsa1813
D00373,hsa1812
D00373,hsa3356
D01176,hsa1813
D01176,hsa1814
D01176,hsa3356
D05099,hsa1268
D05099,hsa1269
D04794,hsa3274
D07862,hsa3269
D02357,hsa3358
D02357,hsa3351
D02357,hsa3355
D02357,hsa3350
D02357,hsa3354
D02357,hsa3357
D02357,hsa3363
D02357,hsa3356
DB11577,hsa148
DB11577,hsa147
DB11577,hsa146
DB11577,hsa150
DB11577,hsa151
DB11577,hsa152
D05732,hsa5732
D01024,hsa148
D01024,hsa147
D01024,hsa146
D03809,hsa4988
D04302,hsa2798
D06557,hsa1234
D07184,hsa153
D07184,hsa154
D07184,hsa155
D08325,hsa1131
D08325,hsa1128
D08325,hsa1129
D06084,hsa3269
D05345,hsa153
D05345,hsa154
D05345,hsa155
D02675,hsa1813
D02675,hsa3356
D02675,hsa3357
D02675,hsa3358
D08174,hsa1813
D00626,hsa185
D08585,hsa1813
D08585,hsa147
D08585,hsa1812
D08585,hsa3356
D08585,hsa148
D08585,hsa3350
D02972,hsa150
D02972,hsa151
D02972,hsa152
D10612,hsa4988
D05731,hsa1268
D05731,hsa9290
D10230,hsa3269
D00663,hsa3269
D00663,hsa1129
D00663,hsa1132
D00663,hsa1131
D00663,hsa1133
D00663,hsa1128
D06104,hsa134
D06104,hsa136
D06104,hsa135
D10355,hsa1813
D10355,hsa1814
D10355,hsa3350
D10355,hsa3356
D08624,hsa148
D08624,hsa147
D08624,hsa146
D08624,hsa150
D08624,hsa151
D08624,hsa152
D08300,hsa154
D02342,hsa153
D02342,hsa154
D02634,hsa1813
D02884,hsa134
D02884,hsa135
D01987,hsa1128
D01987,hsa1129
D01987,hsa1131
D01987,hsa1132
D01987,hsa1133
D08239,hsa148
D08239,hsa147
D08239,hsa146
D08239,hsa150
D08239,hsa151
D08239,hsa152
D10135,hsa1910
D10135,hsa1909
D05196,hsa3269
D07285,hsa4988
D03825,hsa4988
D08494,hsa3274
D00573,hsa3973
D00573,hsa2798
D06566,hsa1813
D06566,hsa3350
D00494,hsa148
D00494,hsa1813
D00494,hsa1131
D00494,hsa1128
D00494,hsa1129
D00494,hsa3269
D00494,hsa3356
D00494,hsa1132
D00494,hsa1133
D00494,hsa3274
D00494,hsa11255
D00494,hsa59340
DB11274,hsa1816
DB11274,hsa1812
DB11274,hsa1813
DB11274,hsa1814
DB00405,hsa3269
DB00405,hsa1129
DB00405,hsa1132
DB00405,hsa1133
DB00405,hsa1131
DB00405,hsa1128
D08969,hsa3356
D08969,hsa3358
D03011,hsa1128
D03011,hsa1129
D03011,hsa1131
D03011,hsa1132
D03011,hsa1133
D02760,hsa3269
D07097,hsa148
D09968,hsa5732
D08646,hsa134
D08646,hsa135
D08646,hsa136
D08646,hsa140
D04057,hsa1129
D04057,hsa1132
D04057,hsa1133
D04057,hsa1131
D04057,hsa1128
D00661,hsa1131
D00661,hsa1128
D08226,hsa1813
D08226,hsa1128
D08226,hsa3350
D08226,hsa3356
D05535,hsa1128
D05535,hsa1129
D05535,hsa1131
D05535,hsa1132
D05535,hsa1133
D02605,hsa1813
D00524,hsa1131
D00524,hsa1128
D00524,hsa1129
D00524,hsa1132
D00524,hsa1133
D00524,hsa8843
D02850,hsa10800
D02017,hsa134
D02017,hsa135
D08474,hsa154
D03005,hsa3356
D01340,hsa4985
D01340,hsa4986
D01340,hsa4988
D10371,hsa4988
D10082,hsa3061
D10082,hsa3062
D02067,hsa3269
D05595,hsa799
D05595,hsa10267
D05595,hsa10266
D05595,hsa10268
D03621,hsa3269
D03621,hsa1128
D03621,hsa1129
D03621,hsa1131
D00811,hsa3358
D00811,hsa3357
D00811,hsa3356
D03879,hsa148
D03879,hsa147
D03879,hsa146
D03879,hsa153
D03879,hsa154
D03879,hsa155
D07511,hsa1128
D07511,hsa3269
D07511,hsa1129
D07511,hsa1131
D07511,hsa1132
D07511,hsa1133
D03165,hsa148
D03165,hsa147
D03165,hsa146
D03165,hsa150
D03165,hsa151
D03165,hsa152
D03165,hsa1813
D03165,hsa3358
D03165,hsa3352
D03165,hsa3351
D03165,hsa3350
D03165,hsa3357
D03165,hsa3363
D03165,hsa1812
D03165,hsa1816
D03165,hsa3356
D03165,hsa1814
D03165,hsa1815
D00454,hsa148
D00454,hsa147
D00454,hsa153
D00454,hsa154
D00454,hsa155
D00454,hsa1813
D00454,hsa1131
D00454,hsa1128
D00454,hsa3358
D00454,hsa1129
D00454,hsa3269
D00454,hsa3352
D00454,hsa3351
D00454,hsa3355
D00454,hsa3350
D00454,hsa3354
D00454,hsa1812
D00454,hsa1816
D00454,hsa3356
D00454,hsa1814
D00454,hsa1815
D00454,hsa3362
D00454,hsa1132
D00454,hsa146
D00454,hsa3357
D00454,hsa1133
D00454,hsa150
D00454,hsa151
D06660,hsa3358
D07687,hsa1812
D07687,hsa1813
D01468,hsa1813
D11351,hsa2798
D00493,hsa148
D00493,hsa147
D00493,hsa146
D00493,hsa150
D00493,hsa151
D00493,hsa152
D00493,hsa1813
D00493,hsa3269
D00493,hsa1812
D00493,hsa1814
D00493,hsa1816
D00493,hsa3356
DB01210,hsa153
DB01210,hsa155
DB01210,hsa146
DB01210,hsa147
DB01210,hsa148
DB01210,hsa154
D09990,hsa5729
D01748,hsa154
D02801,hsa2862
D01445,hsa148
D01445,hsa147
D01445,hsa146
D10022,hsa1394
D07077,hsa1909
D07077,hsa1910
D03893,hsa3269
DB06787,hsa1131
DB06787,hsa1128
DB06787,hsa1129
DB06787,hsa1132
D08522,hsa1131
D08522,hsa1128
D08522,hsa1129
D08522,hsa1132
D08522,hsa1133
D03187,hsa5732
D03264,hsa1128
D03264,hsa1129
D03264,hsa1131
D03264,hsa1132
D03264,hsa1133
D00634,hsa153
D00634,hsa154
D03759,hsa153
D03759,hsa154
D03759,hsa155
D08598,hsa153
D08598,hsa154
D08598,hsa155
D01448,hsa1813
D01448,hsa148
D01520,hsa1813
D08126,hsa150
D08126,hsa151
D08126,hsa152
D05996,hsa6870
DB11273,hsa148
DB11273,hsa147
DB11273,hsa146
DB11273,hsa150
DB11273,hsa151
DB11273,hsa152
DB11273,hsa153
DB11273,hsa154
DB11273,hsa155
DB11273,hsa3358
DB11273,hsa3352
DB11273,hsa3351
DB11273,hsa3355
DB11273,hsa3350
DB11273,hsa3354
DB11273,hsa3357
DB11273,hsa3363
DB11273,hsa3356
DB11273,hsa3362
DB11273,hsa3360
D00837,hsa4988
D00837,hsa4986
D00837,hsa4985
D06613,hsa3358
D03405,hsa4988
D01538,hsa1128
D01538,hsa1129
D01538,hsa1131
D01538,hsa1132
D01538,hsa1133
D09981,hsa2693
D03267,hsa2798
D05452,hsa1128
D05452,hsa1129
D05452,hsa1131
D05452,hsa1132
D05452,hsa1133
D07729,hsa64805
D02070,hsa1131
D02070,hsa1128
D02070,hsa1129
D02070,hsa1132
D02070,hsa1133
D00193,hsa1131
D01348,hsa1813
D00136,hsa1813
D00136,hsa1812
D00136,hsa3356
D00136,hsa1814
D00136,hsa2847
D00136,hsa150
D00136,hsa151
D00136,hsa152
D00136,hsa148
D00136,hsa1131
D00136,hsa3362
D00136,hsa3350
D00136,hsa3358
D00136,hsa3363
D00136,hsa3269
D05152,hsa6869
D11429,hsa1269
D07122,hsa4988
D11424,hsa4988
D00723,hsa1128
D00723,hsa1129
D00723,hsa1131
D10330,hsa2862
D01117,hsa3269
D07534,hsa154
D00113,hsa1129
D00113,hsa1132
D00113,hsa1133
D00113,hsa1131
D00113,hsa1128
D02372,hsa1813
D02372,hsa3356
D07853,hsa1129
D07853,hsa3269
D01485,hsa147
D01485,hsa150
D01485,hsa1812
D01485,hsa148
D01485,hsa146
D01485,hsa1813
D01485,hsa3356
D01485,hsa3357
D01485,hsa3358
D10220,hsa154
D00482,hsa4988
D00482,hsa4986
D00482,hsa4985
D08430,hsa148
D08430,hsa147
D08430,hsa146
D08430,hsa1813
D08430,hsa1131
D08430,hsa1128
D08430,hsa3358
D08430,hsa1129
D08430,hsa3269
D08430,hsa1812
D08430,hsa3356
D08430,hsa1815
D08430,hsa1132
D08430,hsa1133
D00411,hsa10800
D00411,hsa1241
D00411,hsa56413
D00411,hsa57105
D02162,hsa1812
D02162,hsa1813
D02162,hsa1128
D02162,hsa1132
D02162,hsa1133
D02162,hsa3356
D02162,hsa1129
D02162,hsa1814
D02162,hsa1131
D02162,hsa3357
D02162,hsa3358
D02162,hsa3269
DB00622,hsa148
DB00622,hsa147
DB00622,hsa146
DB00622,hsa1131
DB00622,hsa1128
DB00622,hsa1129
DB00622,hsa1132
DB00622,hsa1133
D07532,hsa3269
D00415,hsa3352
D00415,hsa3351
D00415,hsa3355
D00415,hsa3350
D03415,hsa148
D03415,hsa147
D03415,hsa146
D03415,hsa153
D03415,hsa154
D03415,hsa155
D03415,hsa151
D03415,hsa152
D03415,hsa150
D02670,hsa1813
D05730,hsa154
D00110,hsa1128
D00110,hsa1129
D00110,hsa1812
D00110,hsa1814
D00110,hsa4986
D02111,hsa4986
D02111,hsa4988
D02603,hsa1128
D02603,hsa1129
D02603,hsa1131
D02603,hsa1132
D02603,hsa1133
D09698,hsa3350
D00841,hsa4988
D00841,hsa4986
D00841,hsa4985
DB00771,hsa1128
D00232,hsa1131
D00232,hsa1128
D00232,hsa1129
D00232,hsa1132
D00232,hsa1133
D00686,hsa154
D06344,hsa150
D06344,hsa151
D06344,hsa152
D01227,hsa1910
D01227,hsa1909
D02608,hsa1813
DB00243,hsa148
DB00243,hsa147
DB00243,hsa146
DB00243,hsa153
D06217,hsa1128
D06217,hsa1129
D06217,hsa1131
D06217,hsa1132
D06217,hsa1133
D07837,hsa3357
D07837,hsa3351
D07837,hsa3352
D07837,hsa150
D00509,hsa148
D00509,hsa147
D00509,hsa146
D00509,hsa150
D00509,hsa151
D00509,hsa152
D02247,hsa1128
D02247,hsa1129
D02247,hsa1131
D02247,hsa1132
D02247,hsa1133
D00514,hsa151
D00514,hsa152
D00514,hsa150
D04924,hsa4988
D00792,hsa1813
D00792,hsa1812
D00792,hsa3356
D00792,hsa3358
D09845,hsa7201
D00673,hsa3274
D05010,hsa1813
DB11584,hsa1812
DB11584,hsa1816
D10967,hsa1901
D10967,hsa9294
D10967,hsa1903
D10967,hsa8698
D10967,hsa53637
D05366,hsa154
D00176,hsa7201
DB00327,hsa4988
DB00327,hsa4986
DB00327,hsa4985
D01965,hsa148
D01965,hsa147
D01965,hsa146
D00094,hsa9052
D08424,hsa154
D07483,hsa3269
D07483,hsa3274
D01830,hsa148
D01830,hsa147
D01830,hsa146
D01830,hsa153
D01830,hsa154
D01051,hsa1813
D01051,hsa146
D01051,hsa147
D01051,hsa148
D01051,hsa3350
D01051,hsa3356
D01051,hsa3363
D08148,hsa1813
D08148,hsa3356
D10332,hsa3579
D08549,hsa1813
D08549,hsa1814
D00702,hsa1813
D00702,hsa3350
D00702,hsa147
D00702,hsa1815
D00702,hsa148
D00702,hsa1814
D00702,hsa146
D08123,hsa4988
D08123,hsa4986
D08123,hsa4985
D01939,hsa1813
D01939,hsa3356
D01939,hsa1815
D01939,hsa3352
D01939,hsa3354
D01939,hsa1814
D01939,hsa1128
D01939,hsa1812
D01939,hsa1133
D01939,hsa1129
D01939,hsa1816
D01939,hsa148
D01939,hsa147
D01939,hsa1132
D01939,hsa151
D01939,hsa152
D01939,hsa3362
D01939,hsa1131
D01939,hsa3351
D01939,hsa150
D01939,hsa3358
D01939,hsa3363
D01939,hsa3350
D01939,hsa3269
D07099,hsa1128
D07099,hsa1129
D07099,hsa1131
D07099,hsa1132
D07099,hsa1133
D01482,hsa1813
D04888,hsa153
D04888,hsa154
D04888,hsa155
D07491,hsa134
D11111,hsa4986
D07563,hsa1813
D05015,hsa3356
D05015,hsa3357
D05015,hsa3358
D01832,hsa147
D01343,hsa3269
D01174,hsa3269
D05768,hsa151
D05768,hsa1813
D05768,hsa3350
D05768,hsa1812
D05768,hsa1816
D05768,hsa1814
D05768,hsa1815
DB02638,hsa552
DB02638,hsa554
DB02638,hsa553
D09705,hsa3269
D07458,hsa3269
D04190,hsa153
D04190,hsa154
D04190,hsa155
D02588,hsa7201
D07302,hsa1128
D07302,hsa1129
D07302,hsa1131
D07302,hsa1132
D07302,hsa1133
D04672,hsa1269
D05307,hsa3274
D08485,hsa3351
D08485,hsa3352
D08485,hsa3355
D03212,hsa135
D04243,hsa185
D10391,hsa6869
D02066,hsa153
D02066,hsa154
D02066,hsa155
D08443,hsa153
D08443,hsa154
D08443,hsa155
D08443,hsa3351
D08443,hsa3350
D00507,hsa148
D00507,hsa147
D00507,hsa146
D00507,hsa150
D00507,hsa151
D00507,hsa152
D00507,hsa154
D01171,hsa148
D01171,hsa147
D01171,hsa146
D02612,hsa1812
D02612,hsa1813
D04999,hsa3350
D10170,hsa3358
D08967,hsa3269
D08113,hsa2798
DB06814,hsa154
D01023,hsa148
D01023,hsa147
D01023,hsa146
D08195,hsa4988
D08195,hsa4985
D02599,hsa3269
D02729,hsa1813
D08384,hsa1128
D08384,hsa1129
D08384,hsa1131
D08384,hsa1132
D08384,hsa1133
D04717,hsa1268
D02388,hsa150
D02388,hsa151
D02388,hsa152
D08482,hsa151
D08482,hsa152
D08482,hsa150
D06394,hsa148
D01452,hsa5737
D08648,hsa3269
D02234,hsa3269
D02234,hsa146
D02234,hsa147
D02234,hsa148
D02234,hsa1128
D02234,hsa3356
D02234,hsa1129
D02234,hsa1131
D02234,hsa3358
D02234,hsa3363
D05711,hsa135
D00443,hsa185
D01964,hsa5737
D00089,hsa5021
D10662,hsa10203
D07083,hsa1128
D07083,hsa1129
D07083,hsa1131
D07083,hsa1132
D07083,hsa1133
D02100,hsa1813
D02100,hsa3356
D02100,hsa1815
D02100,hsa3352
D02100,hsa3354
D02100,hsa1814
D02100,hsa1128
D02100,hsa1812
D02100,hsa1133
D02100,hsa1129
D02100,hsa1816
D02100,hsa148
D02100,hsa147
D02100,hsa1132
D02100,hsa151
D02100,hsa152
D02100,hsa3362
D02100,hsa1131
D02100,hsa3351
D02100,hsa150
D02100,hsa3358
D02100,hsa3363
D02100,hsa3350
D02100,hsa3269
D08093,hsa154
D05395,hsa148
D05395,hsa147
D05395,hsa146
D05395,hsa3356
D05395,hsa3357
D05395,hsa3358
D05703,hsa1128
D05703,hsa1129
D05703,hsa1131
D05703,hsa1132
D05703,hsa1133
D00662,hsa3269
D01428,hsa154
D08244,hsa3356
D06562,hsa154
DB01338,hsa1131
DB01338,hsa1129
D04445,hsa3269
D04445,hsa3274
D04445,hsa11255
D04445,hsa59340
D05699,hsa3274
D05682,hsa1813
D05682,hsa1814
D02069,hsa1128
D02069,hsa1129
D02069,hsa1131
D02069,hsa1132
D02069,hsa1133
D03685,hsa5029
D07601,hsa3269
D07601,hsa3356
D11617,hsa3351
D11617,hsa3352
D09964,hsa3061
D09964,hsa3062
D10812,hsa4985
D10812,hsa4986
D10812,hsa4988
D04694,hsa1813
DB01336,hsa1129
D10853,hsa1131
D00308,hsa148
D00308,hsa1813
D00308,hsa147
D00308,hsa146
D08212,hsa148
D08212,hsa147
D08212,hsa146
D00364,hsa3269
D02236,hsa1812
D02236,hsa1813
D05631,hsa4988
D03402,hsa154
D00999,hsa1128
D00999,hsa1129
D00999,hsa1131
D00999,hsa1132
D00999,hsa1133
D04611,hsa3350
D01315,hsa1128
D01315,hsa1129
D01315,hsa1131
D01315,hsa1132
D01315,hsa1133
D07445,hsa151
D07445,hsa148
D07445,hsa134864
D07445,hsa1813
D07445,hsa153
D07445,hsa155
D07445,hsa152
D07445,hsa150
D07445,hsa147
D07445,hsa146
D07445,hsa154
D01096,hsa3269
D06014,hsa153
D06014,hsa154
D06014,hsa155
D11072,hsa1901
D11072,hsa53637
D03783,hsa4985
D03783,hsa4986
D03783,hsa4988
D02975,hsa5732
D02686,hsa3356
D02686,hsa3357
D02686,hsa3358
D01224,hsa148
D01224,hsa147
D01224,hsa146
D01224,hsa150
D01224,hsa151
D01224,hsa152
D01224,hsa153
D01224,hsa154
D01224,hsa155
D01224,hsa1812
D09388,hsa4544
D09388,hsa4543
D00432,hsa153
D00432,hsa154
D00432,hsa155
D10479,hsa4988
D11321,hsa150
D11321,hsa151
D11321,hsa152
D06293,hsa6869
D02739,hsa10800
D04683,hsa3350
D06396,hsa3360
D11431,hsa1812
D11431,hsa1816
D08862,hsa80834
D08862,hsa83756
D00501,hsa134
D00501,hsa135
D02727,hsa5737
D07809,hsa4988
D07809,hsa4986
D07809,hsa4985
D01958,hsa153
D01958,hsa154
D10420,hsa3579
D08235,hsa1813
D08235,hsa1814
D08235,hsa1815
D06246,hsa3269
D00180,hsa11251
D00180,hsa5731
D00180,hsa5739
D00180,hsa5732
DB13985,hsa6751
DB13985,hsa6755
DB13985,hsa6752
DB13985,hsa6753
DB13985,hsa6754
D09391,hsa10203
D08597,hsa4988
D02968,hsa6869
D07667,hsa1131
D07667,hsa1128
D07084,hsa1128
D07084,hsa1129
D07084,hsa1131
D07084,hsa1132
D07084,hsa1133
D08064,hsa148
D08064,hsa147
D08064,hsa146
D07872,hsa148
D07872,hsa147
D07872,hsa146
D07872,hsa150
D07872,hsa151
D07872,hsa152
D07872,hsa1131
D07872,hsa1128
D07872,hsa1129
D07872,hsa3269
D07872,hsa3350
D07872,hsa3356
D07872,hsa1132
D07872,hsa1133
D08661,hsa5737
D00775,hsa2911
D00775,hsa2912
D00775,hsa2913
D00775,hsa2914
D00775,hsa2915
D00775,hsa2916
D00775,hsa2917
D00775,hsa2918
D06618,hsa4988
D06618,hsa4986
D02590,hsa5724
D01002,hsa1128
D01002,hsa1129
D01002,hsa1131
D01002,hsa1132
D01002,hsa1133
D02629,hsa1813
D02629,hsa3356
D01946,hsa1128
D01946,hsa1129
D01946,hsa1131
D01946,hsa1132
D01946,hsa1133
D08594,hsa64805
D08039,hsa154
D08456,hsa148
D08456,hsa147
D08456,hsa146
D08456,hsa150
D08456,hsa151
D08456,hsa152
D08456,hsa1813
D08456,hsa1131
D08456,hsa1128
D08456,hsa3358
D08456,hsa1129
D08456,hsa3269
D08456,hsa3352
D08456,hsa3351
D08456,hsa3350
D08456,hsa3354
D08456,hsa3363
D08456,hsa1812
D08456,hsa1816
D08456,hsa3356
D08456,hsa1814
D08456,hsa1815
D08456,hsa3362
D08456,hsa1132
D08456,hsa1133
D08418,hsa1128
D08418,hsa1129
D08418,hsa1131
D08418,hsa1132
D08418,hsa1133
D11220,hsa3360
D00561,hsa148
D00561,hsa147
D00561,hsa146
D00561,hsa1813
D00561,hsa3358
D00561,hsa3356
D00561,hsa3362
D01163,hsa148
D01163,hsa147
D01163,hsa146
D01163,hsa150
D01163,hsa151
D01163,hsa152
D02248,hsa1813
D01992,hsa3350
D02340,hsa148
D02340,hsa147
D02340,hsa150
D02340,hsa151
D02340,hsa152
D02340,hsa153
D02340,hsa1813
D02340,hsa1131
D02340,hsa1128
D02340,hsa3358
D02340,hsa1129
D02340,hsa3269
D02340,hsa3352
D02340,hsa3351
D02340,hsa3350
D02340,hsa3354
D02340,hsa3363
D02340,hsa1812
D02340,hsa1816
D02340,hsa3356
D02340,hsa1814
D02340,hsa1815
D02340,hsa3362
D02340,hsa1132
D02340,hsa1133
D02340,hsa3274
D02340,hsa59340
D02340,hsa3361
DB01175,hsa151
DB01175,hsa1813
DB01175,hsa3269
DB01175,hsa3358
DB01175,hsa3356
DB01175,hsa146
DB01175,hsa152
DB01175,hsa150
DB01175,hsa147
DB01175,hsa3350
DB01175,hsa148
DB01175,hsa1128
D08444,hsa148
D08444,hsa147
D08444,hsa146
D08444,hsa150
D08444,hsa151
D08444,hsa152
DB00374,hsa64805
DB00374,hsa5739
D00120,hsa11251
D01399,hsa4988
D01399,hsa4986
D01399,hsa4985
D11093,hsa728
DB00782,hsa1128
D02300,hsa134
D02300,hsa135
D02300,hsa136
D02300,hsa140
D02343,hsa5737
D02343,hsa5731
D01317,hsa3269
D06633,hsa3356
D01631,hsa887
D01875,hsa1131
D00669,hsa3269
D00669,hsa1129
D07700,hsa3350
D07700,hsa3351
D07700,hsa3352
D07700,hsa3354
D07700,hsa3355
D07700,hsa3356
D07700,hsa3357
D07700,hsa3358
D07700,hsa3360
D07759,hsa1129
D07759,hsa1132
D07759,hsa1133
D07759,hsa1131
D07759,hsa1128
DB14533,hsa623
D05738,hsa3356
D05738,hsa3358
D00542,hsa6010
D00542,hsa387129
D00542,hsa3577
D00318,hsa3274
D00318,hsa11255
D00318,hsa59340
D04026,hsa148
D04026,hsa147
D04026,hsa146
D04026,hsa150
D04026,hsa151
D04026,hsa152
D04026,hsa153
D04026,hsa154
D04026,hsa155
D06274,hsa5737
D05119,hsa150
D05119,hsa151
D05119,hsa152
D01333,hsa148
D01333,hsa147
D01333,hsa146
D07522,hsa3269
D07522,hsa11255
D00064,hsa4986
D09953,hsa1813
D05228,hsa148
D05228,hsa147
D05228,hsa146
D05228,hsa150
D05228,hsa151
D05228,hsa152
D05228,hsa153
D05228,hsa154
D05228,hsa155
D07593,hsa1813
D07593,hsa3350
D07593,hsa147
D07593,hsa1815
D07593,hsa148
D07593,hsa1814
D07593,hsa146
D00141,hsa11251
D01505,hsa1813
D07533,hsa3269
D04703,hsa154
DB00504,hsa4988
D08031,hsa150
D08031,hsa151
D10747,hsa3362
D01635,hsa154
D05775,hsa2915
D06247,hsa2798
D10329,hsa1812
D10329,hsa1813
D10329,hsa3356
DB13720,hsa1131
D06552,hsa3269
D00798,hsa1813
D00798,hsa147
D00798,hsa1812
D00798,hsa3356
D00798,hsa148
D02004,hsa1812
D02004,hsa1813
D02004,hsa1815
D02004,hsa151
D02004,hsa152
D02004,hsa3356
D02004,hsa3352
D02004,hsa1816
D02004,hsa1814
D02004,hsa3351
D02004,hsa3357
D02004,hsa150
D02004,hsa3358
D02004,hsa3350
D08341,hsa1813
D00047,hsa2550
D01794,hsa153
D01794,hsa154
D01794,hsa155
D00421,hsa623
D10199,hsa4988
D01717,hsa3269
D01717,hsa23620
D04979,hsa3269
D03769,hsa623
D01782,hsa3269
D09937,hsa4157
D09937,hsa4158
D09937,hsa4159
D09937,hsa4160
D09937,hsa4161
D02774,hsa148
D02774,hsa147
D02774,hsa146
D11620,hsa4985
D11620,hsa4986
D11620,hsa4988
D06297,hsa1234
D01303,hsa3269
D01462,hsa1813
D01462,hsa1814
D01462,hsa1815
D01462,hsa1812
D01462,hsa3352
D01462,hsa3356
D01462,hsa151
D01462,hsa152
D01462,hsa1816
D01462,hsa3351
D01462,hsa3357
D01462,hsa150
D01462,hsa3358
D01462,hsa3363
D01462,hsa3350
D10184,hsa153
D10184,hsa3351
D10184,hsa3350
D10184,hsa3363
D09697,hsa154
D03365,hsa8843
D01500,hsa4986
D01500,hsa4988
D06176,hsa153
D06176,hsa154
D06176,hsa155
D01377,hsa1128
D01377,hsa1129
D01377,hsa1131
D01377,hsa1132
D01377,hsa1133
D03522,hsa5739
D04375,hsa150
D04375,hsa151
D04375,hsa152
D03983,hsa3351
D03983,hsa3352
DB11691,hsa4988
DB11691,hsa4986
DB11691,hsa4985
D09976,hsa3356
D02576,hsa3350
D02626,hsa1813
D08180,hsa148
D08180,hsa147
D08180,hsa146
D08180,hsa150
D08180,hsa151
D08180,hsa152
D08180,hsa153
D08180,hsa154
D08180,hsa155
D07831,hsa4988
DB01620,hsa59340
DB01620,hsa3269
D07228,hsa5021
D04494,hsa3269
D04494,hsa3274
D06878,hsa1131
D11312,hsa1269
D07550,hsa148
D07550,hsa147
D07550,hsa146
D07874,hsa148
D07874,hsa147
D07874,hsa146
D01277,hsa148
D01277,hsa147
D01277,hsa146
D01277,hsa150
D01277,hsa151
D01277,hsa152
D01277,hsa153
D01277,hsa154
D01277,hsa155
D00610,hsa148
D00610,hsa147
D00610,hsa146
D00195,hsa4988
D00195,hsa4986
D00195,hsa4985
D08220,hsa148
D08220,hsa147
D08220,hsa146
D00609,hsa148
D00609,hsa147
D00609,hsa146
D00609,hsa150
D00609,hsa151
D00609,hsa152
D07957,hsa2798
D04514,hsa151
D00503,hsa1813
D00503,hsa1812
D00503,hsa148
D00503,hsa1814
D03892,hsa154
D03892,hsa1812
D03892,hsa1813
D03892,hsa1814
D03892,hsa1815
D03892,hsa1816
D01143,hsa3269
D02090,hsa3269
D06208,hsa4988
D01412,hsa1813
D03580,hsa4988
D03580,hsa4986
D03580,hsa4985
D03170,hsa154
D07946,hsa1812
D07946,hsa147
D07946,hsa151
D07946,hsa152
D07946,hsa1816
D07946,hsa146
D07946,hsa150
D07946,hsa148
D01193,hsa3274
D07305,hsa1813
D07305,hsa1814
DB00219,hsa1128
D01131,hsa3274
D01103,hsa1128
D01103,hsa1129
D01103,hsa1131
D10510,hsa3269
D00845,hsa4988
D00845,hsa4986
D00845,hsa4985
D05277,hsa154
D05277,hsa153
D05277,hsa155
D09934,hsa3360
D11585,hsa148
D11585,hsa147
D11585,hsa146
D00163,hsa151306
D00270,hsa148
D00270,hsa147
D00270,hsa146
D00270,hsa150
D00270,hsa151
D00270,hsa152
D00270,hsa1813
D00270,hsa1131
D00270,hsa1128
D00270,hsa3358
D00270,hsa3269
D00270,hsa3350
D00270,hsa3357
D00270,hsa3363
D00270,hsa1812
D00270,hsa1816
D00270,hsa3356
D00270,hsa1814
D00270,hsa1815
D00270,hsa3362
D00270,hsa59340
D00270,hsa1129
D00270,hsa1132
D00270,hsa1133
D00799,hsa1813
D00799,hsa148
D09344,hsa155
D10338,hsa3355
D08160,hsa1128
D08160,hsa1129
D08160,hsa1131
D08160,hsa1132
D08160,hsa1133
D08045,hsa4988
D08045,hsa4985
D02876,hsa1128
D02876,hsa1129
D02876,hsa1131
D08389,hsa1128
D08389,hsa1129
D08389,hsa1131
D08389,hsa1132
D08389,hsa1133
D11291,hsa4988
D03449,hsa153
D05938,hsa4988
D05938,hsa4986
D05938,hsa4985
D11441,hsa1909
D11441,hsa1910
D08629,hsa154
D05113,hsa4988
D05113,hsa4986
D05113,hsa4985
D08441,hsa148
D08441,hsa1131
D08441,hsa1128
D08441,hsa1129
D08441,hsa1132
D08441,hsa1133
D04491,hsa2692
D01806,hsa153
D01806,hsa154
D01806,hsa155
D02681,hsa1813
D05688,hsa151
D05688,hsa153
D05688,hsa155
D05688,hsa146
D05688,hsa152
D05688,hsa150
D05688,hsa147
D05688,hsa148
D05688,hsa154
D11204,hsa6752
D07820,hsa1131
D07820,hsa1128
D07820,hsa1129
D09009,hsa1268
D08035,hsa1813
D08105,hsa3269
D00691,hsa134
D00691,hsa135
D00691,hsa136
D00529,hsa10800
D04649,hsa4986
D11283,hsa1901
D07132,hsa4988
D07132,hsa4986
D07132,hsa4985
D07132,hsa4987
D08837,hsa1131
D08837,hsa1128
D08837,hsa1129
D08837,hsa1132
D08837,hsa1133
D10162,hsa4988
D00498,hsa4988
D00498,hsa4986
D08419,hsa1128
D08419,hsa1129
D08419,hsa1131
D08419,hsa1132
D08419,hsa1133
D02848,hsa10800
D08575,hsa1813
D09651,hsa6869
D09774,hsa6915
D04626,hsa154
DB04834,hsa1129
D07259,hsa2798
D03051,hsa134
D07182,hsa153
D07182,hsa154
D07182,hsa155
D04405,hsa2798
D04405,hsa3973
D05007,hsa4985
D00356,hsa5737
D07734,hsa3269
D06622,hsa153
D05429,hsa136
D05429,hsa135
D05429,hsa140
D05429,hsa134
D08426,hsa1128
D08426,hsa1129
D08426,hsa1131
D08426,hsa1132
D08426,hsa1133
D00059,hsa1813
D00059,hsa1812
D00059,hsa1816
D00059,hsa1814
D00059,hsa1815
D08397,hsa3350
D08397,hsa3351
D08397,hsa3352
D08397,hsa3354
D08397,hsa3355
D08397,hsa3356
D08397,hsa3357
D08397,hsa3358
D01213,hsa554
D01213,hsa552
DB00915,hsa1813
D06061,hsa1128
D06061,hsa1129
D06061,hsa1131
D06061,hsa1132
D06061,hsa1133
D01177,hsa4988
D01177,hsa4986
D01177,hsa4985
D07404,hsa3269
D10556,hsa185
D01869,hsa5731
D08297,hsa1813
D08297,hsa3269
D08297,hsa3356
D08297,hsa3357
D08297,hsa3358
D04764,hsa4988
D09684,hsa134
D08923,hsa1129
D08923,hsa1131
D04124,hsa150
D04124,hsa151
D04124,hsa152
D00390,hsa1813
D00390,hsa1128
D00390,hsa1129
D00390,hsa3357
D00390,hsa1812
D00680,hsa3357
D00680,hsa1812
D00680,hsa148
D00680,hsa147
D00680,hsa146
D00680,hsa150
D00680,hsa151
D00680,hsa152
D10163,hsa4988
D07684,hsa3269
D02211,hsa3351
D02211,hsa3352
D02211,hsa3357
D02211,hsa150
D00954,hsa148
D03056,hsa3269
D10811,hsa4988
D11128,hsa140
D01861,hsa3274
D10219,hsa154
D08662,hsa148
D08662,hsa147
D08662,hsa146
D07101,hsa1813
D11269,hsa3062
D00838,hsa4988
D00838,hsa4986
D01648,hsa1129
D01648,hsa1132
D01648,hsa1133
D01648,hsa1131
D01648,hsa1128
D08209,hsa1128
D08209,hsa1129
D08209,hsa1131
D08209,hsa1132
D08209,hsa1133
D01742,hsa1813
D06273,hsa1128
D06273,hsa1131
D04072,hsa154
DB09265,hsa2740
D00633,hsa1812
D00633,hsa1813
D00633,hsa1814
D00633,hsa1815
D00633,hsa1816
D00633,hsa3363
D00633,hsa3350
D07540,hsa150
D07540,hsa151
D07540,hsa152
D03491,hsa148
D03491,hsa3269
D03491,hsa3358
D03491,hsa1129
D03491,hsa1132
D03491,hsa1131
D03491,hsa3357
D03491,hsa3356
D03491,hsa59340
D03491,hsa146
D03491,hsa147
D03491,hsa1133
D03491,hsa3350
D03491,hsa3274
D03491,hsa1128
D03491,hsa3362
D02359,hsa154
D02148,hsa3269
D07156,hsa153
D07156,hsa154
D07156,hsa155
D07156,hsa3350
D02363,hsa3356
D05035,hsa1128
D05035,hsa1129
D05035,hsa1131
D05035,hsa1132
D05035,hsa1133
D01182,hsa153
D01182,hsa154
D01182,hsa155
D01182,hsa3350
D10566,hsa6751
D10566,hsa6752
D10566,hsa6753
D10566,hsa6755
D06597,hsa6869
D02671,hsa1813
D02671,hsa3356
D02671,hsa1812
D02671,hsa1814
D02671,hsa1816
D00405,hsa150
D00405,hsa151
D00405,hsa152
D05312,hsa4988
D05312,hsa4986
D05312,hsa4985
D08940,hsa5729
D08070,hsa148
D08070,hsa147
D08070,hsa146
D08070,hsa1813
D08070,hsa1131
D08070,hsa1128
D08070,hsa3358
D08070,hsa1129
D08070,hsa3269
D08070,hsa3350
D08070,hsa3363
D08070,hsa1812
D08070,hsa1816
D08070,hsa3356
D08070,hsa3362
D08070,hsa1132
D08070,hsa1133
D01922,hsa185
D08091,hsa3269
D07493,hsa3269
D03672,hsa150
D03672,hsa151
D03672,hsa152
D08989,hsa134
D05127,hsa153
D05127,hsa154
D08061,hsa2864
D10824,hsa64805
D09607,hsa64805
D01006,hsa1128
D01006,hsa1129
D01006,hsa1131
D01359,hsa1128
D01359,hsa1129
D01359,hsa1131
D01359,hsa1132
D01359,hsa1133
D02278,hsa222545
D09982,hsa2693
D02151,hsa154
D10430,hsa5739
D00076,hsa148
D00076,hsa147
D00076,hsa146
D00076,hsa150
D00076,hsa151
D00076,hsa152
D00076,hsa153
D00076,hsa154
D00076,hsa155
D02208,hsa1813
D07951,hsa1128
D07951,hsa1129
D07951,hsa1131
D07951,hsa1132
D07951,hsa1133
D01020,hsa148
D01020,hsa147
D01020,hsa146
D01701,hsa3269
D02941,hsa4988
D03654,hsa1131
D03654,hsa1128
D03654,hsa1132
D03654,hsa1133
D03654,hsa1129
D01263,hsa154
D10152,hsa3360
D02369,hsa2798
D01771,hsa134
D01771,hsa135
D01771,hsa136
D02730,hsa3360
D02730,hsa3357
D02730,hsa3358
D02730,hsa3356
D08623,hsa1131
D08623,hsa1128
D08623,hsa4988
D08623,hsa3358
D08623,hsa4986
D08623,hsa4985
D08623,hsa134
D08623,hsa151
D08623,hsa152
D08623,hsa6869
D08623,hsa150
D08385,hsa1813
D08385,hsa3350
D08385,hsa1812
D08385,hsa3356
D01105,hsa1813
D10516,hsa1813
D10516,hsa1814
D10516,hsa3350
D10516,hsa3356
DB12010,hsa140
D06646,hsa153
D04693,hsa1813
D02022,hsa1813
D02022,hsa147
D02022,hsa151
D02022,hsa152
D02022,hsa146
D02022,hsa150
D02022,hsa148
D02022,hsa3269
D10147,hsa6751
D10147,hsa6755
D10147,hsa6752
D10147,hsa6753
D08146,hsa185
D01148,hsa1131
D01148,hsa1128
D01148,hsa1132
D01148,hsa1133
D01148,hsa1129
D01451,hsa1131
D01451,hsa1129
D01451,hsa1128
D01451,hsa1132
D01451,hsa1133
D00789,hsa1128
D00789,hsa1129
D00789,hsa1131
D00789,hsa1132
D00789,hsa1133
D00789,hsa150
D00789,hsa151
D00789,hsa152
D00789,hsa1813
D00789,hsa3269
D00789,hsa3356
D00789,hsa3357
D00789,hsa3358
D00789,hsa1815
D00789,hsa1814
D00789,hsa1812
D00789,hsa1816
D00789,hsa59340
D00789,hsa146
D00789,hsa148
D00789,hsa147
D00789,hsa3362
D00789,hsa3363
D00789,hsa3350
D08864,hsa185
D01973,hsa3351
D01973,hsa3352
D01973,hsa3350
D01973,hsa3354
D01973,hsa3355
D01973,hsa3357
D01973,hsa3363
D08578,hsa148
D08578,hsa147
D08578,hsa146
D06056,hsa3358
D06056,hsa3357
D06056,hsa3356
D06056,hsa3360
D05230,hsa6752
D06632,hsa3356
D01004,hsa1128
D01004,hsa1129
D01004,hsa1131
D01004,hsa1132
D01004,hsa1133
D00502,hsa1812
D00502,hsa1813
D00502,hsa147
D00502,hsa1815
D00502,hsa3352
D00502,hsa3356
D00502,hsa151
D00502,hsa152
D00502,hsa1816
D00502,hsa148
D00502,hsa1814
D00502,hsa3351
D00502,hsa3357
D00502,hsa146
D00502,hsa150
D00502,hsa3358
D00502,hsa3350
D01741,hsa153
D02720,hsa5739
D02213,hsa1813
D02213,hsa3360
D02213,hsa1128
D09319,hsa154
D10563,hsa2693
D07756,hsa3356
D07756,hsa3358
D00520,hsa3269
D10562,hsa2693
DB01237,hsa3269
D07309,hsa1813
D02741,hsa10800
D00836,hsa4986
D00836,hsa4988
D00836,hsa4987
D00836,hsa4985
D01955,hsa1128
D01955,hsa1129
D01955,hsa1131
D01955,hsa1132
D01955,hsa1133
D08201,hsa148
D08201,hsa147
D08201,hsa146
D07875,hsa148
D07875,hsa147
D07875,hsa146
D07875,hsa1131
D07875,hsa1128
D07875,hsa3358
D07875,hsa1129
D07875,hsa3269
D07875,hsa3350
D07875,hsa3357
D07875,hsa3356
D07875,hsa3362
D07875,hsa1132
D07875,hsa1133
D07875,hsa3274
D07875,hsa59340
D04497,hsa2862
D00400,hsa185
D00721,hsa1128
D00721,hsa1129
D00721,hsa1131
D00721,hsa1132
D00721,hsa1133
D00721,hsa3274
D08248,hsa4986
D08248,hsa4988
D00796,hsa1813
D10823,hsa64805
D00681,hsa3350
D00681,hsa3356
D00681,hsa3357
D00681,hsa3358
D00681,hsa3363
D00681,hsa3355
D00681,hsa3354
D00681,hsa3351
D08684,hsa148
D08684,hsa147
D08684,hsa146
D08684,hsa150
D08684,hsa151
D08684,hsa152
D00422,hsa3274
D00336,hsa6915
D07758,hsa3356
D07758,hsa3362
D07758,hsa3357
D07758,hsa3358
D07758,hsa3363
D02281,hsa154
D02724,hsa5737
D02724,hsa5731
D02724,hsa5733
D01492,hsa153
D01492,hsa154
D00228,hsa148
D00228,hsa147
D00228,hsa146
D00228,hsa150
D00228,hsa151
D00228,hsa152
D00228,hsa1813
D00228,hsa1131
D00228,hsa1128
D00228,hsa3358
D00228,hsa1129
D00228,hsa3269
D00228,hsa3351
D00228,hsa3350
D00228,hsa3357
D00228,hsa3363
D00228,hsa1812
D00228,hsa3356
D00228,hsa1814
D00228,hsa1815
D00228,hsa3362
D00228,hsa1132
D00228,hsa1133
D00228,hsa59340
D02610,hsa1813
D02610,hsa1815
D02610,hsa1812
D02846,hsa10800
D01003,hsa1131
D00756,hsa148
D00756,hsa147
D00756,hsa146
D04533,hsa3350
D04533,hsa3351
D04533,hsa3352
D04533,hsa3354
D04533,hsa3355
D01699,hsa1131
D01699,hsa1128
D01699,hsa1129
D01699,hsa1132
D01699,hsa1133
D03166,hsa3269
D04953,hsa154
D03216,hsa2862
D03693,hsa3269
D01369,hsa148
D01369,hsa147
D01369,hsa146
D01369,hsa153
D03490,hsa153
D03490,hsa154
D00380,hsa3577
D08591,hsa5737
D04752,hsa554
D01324,hsa3269
D11476,hsa552
D02108,hsa6752
D02108,hsa6753
D02108,hsa6755
D00679,hsa148
D00679,hsa147
D00679,hsa146
D00679,hsa3350
D00679,hsa3351
D00679,hsa3352
D00679,hsa1812
D00679,hsa3355
D00679,hsa3356
D00679,hsa151
D00679,hsa1816
D00679,hsa1813
D00679,hsa150
D00679,hsa3357
D00679,hsa3358
D07081,hsa1128
D07081,hsa1129
D07081,hsa1131
D07081,hsa1132
D07081,hsa1133
D01469,hsa148
D01469,hsa147
D01469,hsa146
D01469,hsa153
D01469,hsa154
D00066,hsa4986
D05340,hsa1813
D05340,hsa3356
D08157,hsa1128
D08157,hsa1129
D08157,hsa1131
D08157,hsa1132
D08157,hsa1133
D01847,hsa153
D08595,hsa1128
D08595,hsa1129
D08595,hsa1131
D08595,hsa1132
D08595,hsa1133
D01624,hsa3356
D01005,hsa1131
D04868,hsa1128
D04868,hsa1129
D04868,hsa1131
D04868,hsa1132
D04868,hsa1133
D04434,hsa1128
D04434,hsa1129
D04434,hsa1131
D04434,hsa1132
D04434,hsa1133
D00627,hsa185
D11192,hsa6751
D11192,hsa6752
D11192,hsa6753
D11192,hsa6754
D11192,hsa6755
D02361,hsa148
D02361,hsa147
D02361,hsa146
D02361,hsa1813
D02361,hsa1131
D02361,hsa1128
D02361,hsa3358
D02361,hsa1129
D02361,hsa3269
D02361,hsa1812
D02361,hsa3356
D02361,hsa1815
D02361,hsa1132
D02361,hsa1133
D05742,hsa3269
D01879,hsa4986
D01879,hsa4988
D11022,hsa3061
D11022,hsa3062
D00403,hsa148
D00403,hsa147
D00403,hsa146
D00403,hsa150
D00403,hsa151
D00403,hsa152
D00403,hsa1813
D00403,hsa1131
D00403,hsa1128
D00403,hsa3358
D00403,hsa1129
D00403,hsa3269
D00403,hsa1812
D00403,hsa1816
D00403,hsa3356
D00403,hsa1814
D00403,hsa1815
D00403,hsa1132
D00403,hsa1133
D02702,hsa155
D02246,hsa1128
D02246,hsa1129
D02246,hsa1131
D02246,hsa1132
D02246,hsa1133
D01269,hsa1131
D01269,hsa1128
D01269,hsa1132
D01269,hsa1133
D01269,hsa1129
D02645,hsa1813
D01019,hsa148
D01019,hsa147
D01019,hsa146
D01019,hsa150
D01019,hsa151
D01019,hsa152
D00716,hsa1128
D00716,hsa1129
D00716,hsa1131
D00716,hsa1132
D00716,hsa1133
D01491,hsa1128
D01491,hsa1129
D01491,hsa1131
D01491,hsa1132
D01491,hsa1133
D01352,hsa5737
D01352,hsa5739
D02769,hsa134
D02769,hsa135
D02769,hsa136
D02769,hsa140
D02419,hsa3269
D02419,hsa1129
D02271,hsa4988
D02271,hsa4986
D02271,hsa4985
D00819,hsa148
D00819,hsa147
D00819,hsa146
D00819,hsa3356
D00819,hsa3358
D00819,hsa150
D00819,hsa3350
D06175,hsa1128
D06175,hsa1129
D06175,hsa1131
D06175,hsa1132
D06175,hsa1133
D02250,hsa6752
D02250,hsa6753
D02250,hsa6755
D01187,hsa3274
D10345,hsa3061
D10345,hsa3062
D03359,hsa64805
D01337,hsa5739
D01337,hsa64805
D02200,hsa1129
D02200,hsa1131
D02200,hsa1128
D02200,hsa1132
D00378,hsa153
D00378,hsa154
D02682,hsa1815
D02682,hsa1813
D02682,hsa3356
D02682,hsa1814
D07791,hsa148
D07791,hsa147
D07791,hsa146
D07791,hsa150
D07791,hsa151
D07791,hsa152
D07791,hsa153
D07791,hsa154
D07791,hsa1813
D07791,hsa1131
D07791,hsa1128
D07791,hsa3358
D07791,hsa1129
D07791,hsa3269
D07791,hsa3350
D07791,hsa3356
D07791,hsa1132
D07791,hsa1133
D01698,hsa3274
D10567,hsa2864
D06567,hsa1813
D06567,hsa3350
D00797,hsa1813
D00797,hsa147
D00797,hsa1128
D00797,hsa1812
D00797,hsa1132
D00797,hsa1133
D00797,hsa1815
D00797,hsa3356
D00797,hsa1129
D00797,hsa1131
D00797,hsa146
D00797,hsa3358
D00797,hsa148
D00797,hsa3269
D00274,hsa3356
D00274,hsa3360
D00274,hsa1128
D00274,hsa1129
D07854,hsa3269
D07854,hsa3356
D07854,hsa3357
D07854,hsa3358
D00563,hsa148
D00563,hsa147
D00563,hsa146
D00563,hsa150
D00563,hsa3358
D00563,hsa4986
D00563,hsa3269
D00563,hsa3356
D00563,hsa151
D00563,hsa152
D00563,hsa3357
D02268,hsa148
D02268,hsa147
D02268,hsa146
D02268,hsa150
D02268,hsa151
D02268,hsa152
D02268,hsa153
D02268,hsa154
D02268,hsa155
D02268,hsa1813
D02268,hsa3358
D02268,hsa3352
D02268,hsa3351
D02268,hsa3355
D02268,hsa3350
D02268,hsa3354
D02268,hsa3357
D02268,hsa3363
D02268,hsa1812
D02268,hsa1816
D02268,hsa3356
D02268,hsa1814
D02268,hsa1815
D02268,hsa3362
D02268,hsa3360
D06329,hsa153
D05727,hsa6915
D03535,hsa3269
D00241,hsa2550
D07496,hsa153
D07496,hsa154
D07496,hsa155
D05124,hsa1813
D05341,hsa6010
D07608,hsa154
D02091,hsa3269
D08041,hsa3269
D00823,hsa3358
D07198,hsa3269
D07900,hsa3269
D07900,hsa3356
D07900,hsa3274
D07900,hsa150
D07900,hsa3363
D07900,hsa148
D06317,hsa6869
D09977,hsa3356
D00106,hsa64805
D00106,hsa5739
D08572,hsa153
D08572,hsa154
D08572,hsa155
D02578,hsa3358
D02578,hsa4544
D02578,hsa4543
DB00452,hsa7852
DB11181,hsa1131
DB11181,hsa1128
DB11181,hsa1129
DB11181,hsa1132
DB11181,hsa1133
D10895,hsa6869
D02238,hsa4985
D02238,hsa4986
D02238,hsa4988
D08984,hsa3577
D08984,hsa3579
D07740,hsa4988
D07838,hsa3351
D07838,hsa3352
D10638,hsa5734
D00683,hsa154
D01332,hsa3269
D08451,hsa1128
D08451,hsa2859
D08856,hsa2693
D08273,hsa4988
D00528,hsa134
D00528,hsa135
D00528,hsa10161
D00528,hsa136
D00528,hsa140
D00528,hsa2846
D00528,hsa3577
D00528,hsa5028
D00528,hsa5029
D00528,hsa5030
D00528,hsa5031
D00528,hsa5032
D00528,hsa64805
D00528,hsa9934
D02693,hsa886
D00354,hsa148
D00354,hsa150
D00354,hsa153
D00354,hsa1813
D00354,hsa1131
D00354,hsa1128
D00354,hsa4986
D00354,hsa134
D00354,hsa135
D00354,hsa1129
D00354,hsa3269
D00354,hsa1812
D00354,hsa1816
D00354,hsa3356
D00354,hsa1132
D00354,hsa1133
D08183,hsa3269
D05125,hsa134
D00332,hsa2550
D00332,hsa134
D00332,hsa150
D06077,hsa6915
D01026,hsa153
D01026,hsa154
D08353,hsa3269
D02116,hsa2798
D04724,hsa5724
D09766,hsa2149
D01290,hsa148
D01290,hsa147
D01290,hsa146
D00499,hsa8843
D07195,hsa3269
D07775,hsa148
D07775,hsa147
D07775,hsa146
D06234,hsa148
D06234,hsa147
D06234,hsa146
D08067,hsa185
D01976,hsa1128
D01976,hsa1129
D01976,hsa1131
D01976,hsa1132
D01976,hsa1133
DB00139,hsa56670
D11490,hsa11255
D09867,hsa2149
D07058,hsa2915
D01192,hsa3269
D01192,hsa3274
D01192,hsa11255
D03622,hsa3269
D07459,hsa3269
D00255,hsa148
D00255,hsa147
D00255,hsa146
D00255,hsa150
D00255,hsa151
D00255,hsa152
D00255,hsa153
D00255,hsa154
D00255,hsa155
D05246,hsa185
D09695,hsa1394
D08458,hsa148
D08458,hsa147
D08458,hsa146
D00306,hsa1268
D00306,hsa1269
D01896,hsa6915
D03937,hsa1812
D03937,hsa1816
D04517,hsa3274
D02082,hsa185
D00605,hsa150
D00605,hsa151
D00605,hsa152
D09349,hsa1268
D02040,hsa2693
D10631,hsa5729
D05832,hsa154
D05832,hsa1813
D00603,hsa153
D00603,hsa154
D04157,hsa153
D04157,hsa154
D04157,hsa155
D10001,hsa53637
D10001,hsa1901
D04074,hsa1241
D04074,hsa56413
D00715,hsa1131
D00715,hsa1128
D00715,hsa1129
D00715,hsa1132
D00715,hsa1133
D00289,hsa2798
D02666,hsa148
D02666,hsa152
D02666,hsa1813
D02666,hsa3269
D02666,hsa3350
D02666,hsa3363
D02666,hsa1812
D02666,hsa3356
D02666,hsa1814
D02666,hsa1815
D02666,hsa3362
D02666,hsa3357
D02666,hsa3358
D00138,hsa1131
D00138,hsa1128
D00138,hsa1129
D00138,hsa1132
D00138,hsa1133
D04040,hsa185
D01835,hsa154
D00522,hsa185
D04500,hsa6915
D05818,hsa134
D02722,hsa5731
D04532,hsa148
D04532,hsa147
D04532,hsa146
D05276,hsa1128
D05276,hsa1129
D05276,hsa1131
D05276,hsa1132
D05276,hsa1133
DB11587,hsa154
D02205,hsa4988
D06157,hsa3274
D06063,hsa3269
DB01337,hsa1131
DB01337,hsa1129
D01028,hsa64805
D07679,hsa3269
D00670,hsa3356
DB06709,hsa1131
D07832,hsa4988
DB04843,hsa1131
DB04843,hsa1128
D07748,hsa554
D07748,hsa552
D07870,hsa1813
D07870,hsa3350
D07870,hsa3363
D07870,hsa1812
D07870,hsa1816
D07870,hsa1814
D07870,hsa1815
D00397,hsa1131
D00397,hsa1128
D00397,hsa1129
D00397,hsa1132
D00397,hsa1133
D00465,hsa1131
D00465,hsa1128
D00465,hsa1129
D00465,hsa1132
D00465,hsa1133
D06010,hsa185
D01022,hsa148
D01022,hsa146
D01022,hsa147
D01022,hsa150
D01022,hsa151
D01022,hsa152
D09838,hsa3269
D10725,hsa5739
D08836,hsa80834
D08836,hsa83756
D07821,hsa1128
D07821,hsa1129
D07821,hsa1131
D07821,hsa1132
D07821,hsa1133
D09870,hsa11255
D05587,hsa153
D02942,hsa4988
D00291,hsa554
D00291,hsa552
D00291,hsa553
D02825,hsa3351
D02825,hsa3352
D08255,hsa3352
D08255,hsa3351
D08255,hsa3355
D08255,hsa3350
D00839,hsa4988
D00839,hsa4986
D00839,hsa4985
D00521,hsa1131
D00521,hsa1128
D00521,hsa1129
D00521,hsa3269
D00521,hsa1132
D00521,hsa1133
D08170,hsa4544
D08170,hsa4543
D03502,hsa153
D03502,hsa154
D03502,hsa155
D07547,hsa1128
D07547,hsa3269
D02710,hsa886
D00475,hsa50833
D01652,hsa5724
D11033,hsa6752
D02227,hsa4986
D02227,hsa4988
D08901,hsa2798
D08241,hsa2798
D08343,hsa1131
D08343,hsa1128
D08343,hsa4988
D08343,hsa4986
D08343,hsa1129
D08343,hsa1132
D08343,hsa1133
D01504,hsa153
D01504,hsa154
D01504,hsa155
D06380,hsa148
D06380,hsa146
D10594,hsa7201
D02568,hsa148
D02568,hsa147
D02568,hsa146
D02568,hsa3350
D10495,hsa1812
D10495,hsa1813
D10495,hsa3356
D08205,hsa150
D08205,hsa151
D08205,hsa152
D08382,hsa1128
D08382,hsa1129
D08382,hsa1131
D08382,hsa1132
D08382,hsa1133
D07929,hsa4988
D10099,hsa3362
D03999,hsa5731
D09614,hsa5732
D08098,hsa1813
D08098,hsa1131
D08098,hsa1128
D08098,hsa4988
D08098,hsa3358
D08098,hsa4986
D08098,hsa4985
D08098,hsa1129
D08098,hsa3352
D08098,hsa3351
D08098,hsa3355
D08098,hsa3350
D08098,hsa3354
D08098,hsa3357
D08098,hsa3356
D08098,hsa1132
D08098,hsa1133
D08098,hsa6869
D04965,hsa1813
D04965,hsa1812
D08638,hsa1131
D08638,hsa1128
D08638,hsa1129
D08638,hsa1132
D08638,hsa1133
D02910,hsa153
D02910,hsa148
D02910,hsa147
D02910,hsa146
D01441,hsa9283
D06021,hsa3269
D11065,hsa6869
D10736,hsa59340
D07790,hsa3269
D00646,hsa1131
D00646,hsa1128
D00646,hsa1129
D00646,hsa1132
D00646,hsa1133
D07906,hsa148
D07906,hsa147
D07906,hsa146
D07906,hsa150
D07906,hsa151
D07906,hsa1813
D07906,hsa3358
D07906,hsa3352
D07906,hsa3351
D07906,hsa3355
D07906,hsa3350
D07906,hsa3357
D07906,hsa1812
D07906,hsa1816
D07906,hsa3356
D01537,hsa3350
D04097,hsa1812
D04097,hsa1813
D04097,hsa1814
D04097,hsa1815
D04097,hsa1816
D01175,hsa1128
D01175,hsa1129
D01175,hsa1131
D01175,hsa1132
D01175,hsa1133
D10673,hsa10203
D05111,hsa4988
D05111,hsa4986
D05111,hsa4985
D00599,hsa153
D00599,hsa154
D00599,hsa155
D00025,hsa80834
D05462,hsa4985
D05462,hsa4986
D05462,hsa4988
D06354,hsa3350
D11214,hsa4988
D07931,hsa148
D07931,hsa147
D07931,hsa146
D07931,hsa150
D07931,hsa151
D07931,hsa152
D07931,hsa153
D07931,hsa154
D07931,hsa155
D00234,hsa3269
D00234,hsa11255
D00234,hsa59340
D06623,hsa148
D06623,hsa147
D06623,hsa146
D06623,hsa1813
D06623,hsa1814
D06623,hsa1815
D06623,hsa3269
D06623,hsa3356
D06623,hsa3357
D06623,hsa3358
D06623,hsa3362
D06623,hsa154
D06623,hsa3355
D06623,hsa3352
D06623,hsa3354
D06623,hsa1128
D06623,hsa1812
D06623,hsa1129
D06623,hsa1816
D06623,hsa1132
D06623,hsa1131
D06623,hsa153
D06623,hsa3351
D06623,hsa155
D06623,hsa3350
D02349,hsa148
D02349,hsa150
D02349,hsa154
D02349,hsa147
D02349,hsa146
D02349,hsa151
D02349,hsa152
D02349,hsa153
D02349,hsa155
D08182,hsa4988
D06405,hsa4986
D01128,hsa5729
D01128,hsa6915
D00842,hsa4988
D00842,hsa4986
D00842,hsa4985
D00007,hsa2911
D00007,hsa2914
D00007,hsa2917
D00007,hsa2918
D04034,hsa1128
D04034,hsa1129
D04034,hsa1131
D04034,hsa1132
D04034,hsa1133
D04034,hsa150
D04034,hsa151
D04034,hsa152
D04034,hsa1813
D04034,hsa3269
D04034,hsa3356
D04034,hsa3357
D04034,hsa3358
D04034,hsa1815
D04034,hsa1814
D04034,hsa1812
D04034,hsa1816
D04034,hsa59340
D04034,hsa146
D04034,hsa148
D04034,hsa147
D04034,hsa3362
D04034,hsa3363
D04034,hsa3350
D01044,hsa148
D01044,hsa1813
D01044,hsa1128
D01044,hsa1812
D01044,hsa3356
D08687,hsa148
D08687,hsa147
D08687,hsa150
D08687,hsa151
D08687,hsa152
D08687,hsa1813
D08687,hsa1131
D08687,hsa1128
D08687,hsa3358
D08687,hsa1129
D08687,hsa3269
D08687,hsa3352
D08687,hsa3351
D08687,hsa3350
D08687,hsa3354
D08687,hsa3363
D08687,hsa1812
D08687,hsa1816
D08687,hsa3356
D08687,hsa1814
D08687,hsa1815
D08687,hsa3362
D08687,hsa1132
D08687,hsa1133
D09402,hsa1128
D09402,hsa1129
D09402,hsa1131
D09402,hsa1132
D09402,hsa1133
D01858,hsa886
D01858,hsa887
D05478,hsa1129
D05478,hsa1131
D05478,hsa1128
D05478,hsa1132
